<?xml version="1.0" encoding="utf-8"?>
<COLLADA xmlns="http://www.collada.org/2005/11/COLLADASchema" version="1.4.1">
  <asset><contributor><author></author><authoring_tool>FBX COLLADA exporter</authoring_tool><comments></comments></contributor><created>2024-01-07T15:16:58Z</created><keywords></keywords><modified>2024-01-07T15:16:58Z</modified><revision></revision><subject></subject><title></title><unit meter="0.025400" name="centimeter"></unit><up_axis>Y_UP</up_axis></asset>
  <library_images>
    <image id="Map #0-image" name="Map #0"><init_from>file://F:\M n B\_MESH\T mesh\Tissue Box\TissueBoxAlbedo.png</init_from></image>
    <image id="Map #4-image" name="Map #4"><init_from>file://F:\M n B\_MESH\T mesh\Tissue Box\TissueBoxMetal.png</init_from></image>
    <image id="Map #1-image" name="Map #1"><init_from>file://F:\M n B\_MESH\T mesh\Tissue Box\TissueBoxRough.png</init_from></image>
  </library_images>
  <library_materials>
    <material id="TissueBox" name="TissueBox">
      <instance_effect url="#TissueBox-fx"/>
    </material>
  </library_materials>
  <library_effects>
    <effect id="TissueBox-fx" name="TissueBox">
      <profile_COMMON>
        <technique sid="standard">
          <phong>
            <emission>
              <color sid="emission">0.000000  0.000000 0.000000 1.000000</color>
            </emission>
            <ambient>
              <color sid="ambient">0.588000  0.588000 0.588000 1.000000</color>
            </ambient>
            <diffuse>
              <texture texture="Map #0-image" texcoord="CHANNEL0">
                <extra>
                  <technique profile="MAYA">
                    <wrapU sid="wrapU0">TRUE</wrapU>
                    <wrapV sid="wrapV0">TRUE</wrapV>
                    <blend_mode>ADD</blend_mode>
                  </technique>
                </extra>
              </texture>
            </diffuse>
            <specular>
              <texture texture="Map #1-image" texcoord="CHANNEL0">
                <extra>
                  <technique profile="MAYA">
                    <wrapU sid="wrapU0">TRUE</wrapU>
                    <wrapV sid="wrapV0">TRUE</wrapV>
                    <blend_mode>ADD</blend_mode>
                  </technique>
                </extra>
              </texture>
            </specular>
            <shininess>
              <float sid="shininess">2.000000</float>
            </shininess>
            <reflective>
              <texture texture="Map #4-image" texcoord="CHANNEL0">
                <extra>
                  <technique profile="MAYA">
                    <wrapU sid="wrapU0">TRUE</wrapU>
                    <wrapV sid="wrapV0">TRUE</wrapV>
                    <blend_mode>ADD</blend_mode>
                  </technique>
                </extra>
              </texture>
            </reflective>
            <reflectivity>
              <float sid="reflectivity">1.000000</float>
            </reflectivity>
            <transparent opaque="RGB_ZERO">
              <color sid="transparent">1.000000  1.000000 1.000000 1.000000</color>
            </transparent>
            <transparency>
              <float sid="transparency">0.000000</float>
            </transparency>
          </phong>
        </technique>
      </profile_COMMON>
    </effect>
  </library_effects>
  <library_geometries>
    <geometry id="TissueBox-lib" name="TissueBoxMesh">
      <mesh>
        <source id="TissueBox-POSITION">
          <float_array id="TissueBox-POSITION-array" count="2988">
3.543016 -3.543307 1.593055
3.543017 3.543307 1.593056
3.543016 -3.543307 1.540772
3.543017 3.543307 1.540772
3.570132 3.543307 1.587492
3.570131 -3.543307 1.587492
3.548093 -3.543307 1.540080
3.548093 3.543307 1.540081
3.596252 3.543307 1.565504
3.596252 -3.543307 1.565503
3.551899 -3.543307 1.537820
3.551899 3.543307 1.537821
3.605263 3.543307 1.530960
3.605263 -3.543307 1.530959
3.552990 -3.543307 1.530959
3.552990 3.543307 1.530960
3.643396 3.543307 0.915842
3.643396 -3.543307 0.915841
3.591123 -3.543307 0.915842
3.591124 3.543307 0.915842
3.686946 3.543307 -0.570756
3.686946 -3.543307 -0.570756
3.634674 -3.543307 -0.570756
3.634674 3.543307 -0.570756
3.694453 3.435471 -2.073830
3.694453 -3.436390 -2.073831
3.642181 -3.436390 -2.073831
3.642181 3.435471 -2.073830
3.694488 3.512303 -2.005437
3.694488 -3.510257 -2.005438
3.642215 -3.510257 -2.005438
3.642215 3.512303 -2.005437
3.694535 3.543307 -1.930334
3.694535 -3.543307 -1.930335
3.642262 -3.543307 -1.930335
3.642262 3.543307 -1.930334
-3.543598 -3.543307 1.593055
-3.543597 3.543307 1.593056
-3.543597 3.543307 1.540772
-3.543598 -3.543307 1.540772
-3.570713 -3.543307 1.587492
-3.570712 3.543307 1.587492
-3.548674 -3.543307 1.540080
-3.548673 3.543307 1.540081
-3.596833 -3.543307 1.565503
-3.596833 3.543307 1.565504
-3.552480 -3.543307 1.537820
-3.552480 3.543307 1.537821
-3.605844 -3.543307 1.530959
-3.605843 3.543307 1.530960
-3.553571 -3.543307 1.530959
-3.553571 3.543307 1.530960
-3.640250 -3.543307 0.915841
-3.640249 3.543307 0.915842
-3.587977 -3.543307 0.915841
-3.587976 3.543307 0.915842
-3.696967 -3.543307 -0.570756
-3.696966 3.543308 -0.570755
-3.644694 -3.543307 -0.570756
-3.644693 3.543308 -0.570755
-3.699930 -3.543307 -1.930334
-3.699929 3.543308 -1.930334
-3.647658 -3.543307 -1.930334
-3.647657 3.543308 -1.930334
-3.699883 -3.510256 -2.005437
-3.699849 -3.436390 -2.073831
-3.699848 3.435472 -2.073830
-3.699882 3.512303 -2.005436
-3.647610 -3.510256 -2.005437
-3.647576 -3.436390 -2.073831
-3.647610 3.512303 -2.005436
-3.647576 3.435472 -2.073830
-3.543597 -3.543306 -4.706155
-3.543597 3.543308 -4.706154
-3.543597 -3.543306 -4.653872
-3.543597 3.543308 -4.653871
-3.570712 3.543308 -4.700591
-3.570712 -3.543306 -4.700592
-3.548673 -3.543306 -4.653181
-3.548673 3.543308 -4.653179
-3.596832 3.543308 -4.678602
-3.596833 -3.543306 -4.678604
-3.552480 -3.543306 -4.650920
-3.552479 3.543308 -4.650919
-3.605843 3.543308 -4.644059
-3.605844 -3.543306 -4.644060
-3.553571 -3.543306 -4.644060
-3.553570 3.543308 -4.644059
-3.636420 3.543308 -4.028941
-3.636420 -3.543306 -4.028942
-3.584148 -3.543306 -4.028942
-3.584147 3.543308 -4.028941
-3.641651 3.543308 -2.542343
-3.641652 -3.543306 -2.542344
-3.589379 -3.543306 -2.542344
-3.589379 3.543308 -2.542343
-3.640892 3.435472 -1.039269
-3.640893 -3.436390 -1.039269
-3.588620 -3.436390 -1.039269
-3.588620 3.435472 -1.039269
-3.640926 3.512303 -1.107662
-3.640927 -3.510256 -1.107663
-3.588655 -3.510256 -1.107663
-3.588654 3.512303 -1.107662
-3.640974 3.543308 -1.182765
-3.640975 -3.543307 -1.182765
-3.588702 -3.543307 -1.182765
-3.588701 3.543308 -1.182765
3.543017 -3.543307 -4.706154
3.543017 3.543307 -4.706153
3.543017 3.543307 -4.653870
3.543017 -3.543307 -4.653871
3.570132 -3.543307 -4.700591
3.570132 3.543307 -4.700590
3.548093 -3.543307 -4.653180
3.548094 3.543307 -4.653178
3.596253 -3.543307 -4.678602
3.596253 3.543307 -4.678601
3.551899 -3.543307 -4.650919
3.551900 3.543307 -4.650918
3.605263 -3.543307 -4.644059
3.605263 3.543307 -4.644058
3.552990 -3.543307 -4.644059
3.552991 3.543307 -4.644058
3.635840 -3.543307 -4.028941
3.635840 3.543307 -4.028940
3.583567 -3.543307 -4.028941
3.583568 3.543307 -4.028940
3.641071 -3.543307 -2.542343
3.641071 3.543307 -2.542342
3.588799 -3.543307 -2.542343
3.588799 3.543307 -2.542342
3.640393 -3.543307 -1.182764
3.640393 3.543307 -1.182764
3.588120 -3.543307 -1.182764
3.588121 3.543307 -1.182764
3.640346 -3.510257 -1.107662
3.640312 -3.436390 -1.039268
3.640312 3.435471 -1.039268
3.640346 3.512303 -1.107661
3.588073 -3.510257 -1.107662
3.588039 -3.436390 -1.039268
3.588074 3.512303 -1.107661
3.588040 3.435471 -1.039268
-1.771944 -3.543307 1.593055
-0.921314 -3.543307 1.593055
1.771363 -3.543307 1.593055
1.771363 3.543307 1.593056
0.920733 3.543307 1.593056
-1.771944 3.543307 1.593056
-1.771944 3.543307 1.540772
0.920733 3.543307 1.540772
1.771363 3.543307 1.540772
1.771363 -3.543307 1.540772
-0.921314 -3.543307 1.540772
-1.771944 -3.543307 1.540772
1.771363 -3.543307 -4.706154
0.920733 -3.543307 -4.706154
-1.771944 -3.543306 -4.706155
-1.771943 3.543308 -4.706154
-0.921313 3.543308 -4.706154
1.771364 3.543307 -4.706154
1.771364 3.543307 -4.653870
0.920734 3.543308 -4.653870
-1.771943 3.543308 -4.653871
-1.771944 -3.543306 -4.653872
-0.921314 -3.543307 -4.653872
1.771363 -3.543307 -4.653872
3.543017 1.771653 1.593055
3.543017 0.010000 1.593055
3.543016 -1.771654 1.593055
3.543016 -1.771654 1.540772
3.543017 -0.010000 1.540772
3.543017 1.771653 1.540772
3.570131 -1.771654 1.587492
3.570132 -0.010000 1.587492
3.570132 1.771653 1.587492
3.548093 1.771653 1.540081
3.548093 0.010000 1.540080
3.548093 -1.771654 1.540080
3.596252 -1.771654 1.565503
3.596252 -0.010000 1.565503
3.596252 1.771653 1.565504
3.551899 1.771653 1.537820
3.551899 0.010000 1.537820
3.551899 -1.771654 1.537820
3.605263 -1.771654 1.530960
3.605263 -0.010000 1.530960
3.605263 1.771653 1.530960
3.552990 1.771653 1.530960
3.552990 0.010000 1.530960
3.552990 -1.771654 1.530960
3.643396 -1.771654 0.915842
3.643396 -0.010000 0.915842
3.643396 1.771653 0.915842
3.591124 1.771653 0.915842
3.591123 0.010000 0.915842
3.591123 -1.771654 0.915842
3.686946 -1.771654 -0.570756
3.686946 -0.010000 -0.570756
3.686947 1.771653 -0.570756
3.634674 1.771653 -0.570756
3.634674 0.010000 -0.570756
3.634674 -1.771654 -0.570756
3.694453 -1.718425 -2.073831
3.694453 -0.010460 -2.073831
3.694453 1.717506 -2.073830
3.642181 1.717506 -2.073830
3.642181 -0.010459 -2.073831
3.642181 -1.718425 -2.073831
3.694487 -1.754617 -2.005437
3.694488 0.011023 -2.005437
3.694488 1.756663 -2.005437
3.642215 1.756663 -2.005437
3.642215 -0.008977 -2.005437
3.642215 -1.754617 -2.005437
3.694535 -1.771654 -1.930335
3.694535 -0.010000 -1.930334
3.694535 1.771653 -1.930334
3.642262 1.771654 -1.930334
3.642262 0.010000 -1.930334
3.642262 -1.771653 -1.930335
-3.543598 -1.771653 1.593055
-3.543597 -0.010000 1.593055
-3.543597 1.771654 1.593055
-3.543597 1.771654 1.540772
-3.543597 0.010000 1.540772
-3.543598 -1.771653 1.540772
-3.570712 1.771654 1.587492
-3.570712 0.010000 1.587492
-3.570713 -1.771653 1.587492
-3.548674 -1.771653 1.540080
-3.548674 -0.010000 1.540080
-3.548673 1.771654 1.540080
-3.596833 1.771654 1.565504
-3.596833 0.010000 1.565503
-3.596833 -1.771653 1.565503
-3.552480 -1.771653 1.537820
-3.552480 -0.010000 1.537820
-3.552480 1.771654 1.537820
-3.605843 1.771654 1.530960
-3.605844 0.010000 1.530960
-3.605844 -1.771653 1.530960
-3.553571 -1.771653 1.530960
-3.553571 -0.010000 1.530960
-3.553571 1.771654 1.530960
-3.640249 1.771654 0.915842
-3.640249 0.010000 0.915842
-3.640249 -1.771653 0.915842
-3.587977 -1.771653 0.915842
-3.587977 -0.010000 0.915842
-3.587976 1.771654 0.915842
-3.696966 1.771654 -0.570755
-3.696966 0.010001 -0.570756
-3.696966 -1.771653 -0.570756
-3.644694 -1.771653 -0.570756
-3.644694 -0.009999 -0.570756
-3.644693 1.771654 -0.570755
-3.699929 1.771654 -1.930334
-3.699930 0.010001 -1.930334
-3.699930 -1.771653 -1.930334
-3.647658 -1.771653 -1.930334
-3.647657 -0.009999 -1.930334
-3.647657 1.771654 -1.930334
-3.699848 1.717507 -2.073830
-3.699849 0.009541 -2.073830
-3.699849 -1.718424 -2.073831
-3.699882 1.756664 -2.005436
-3.699883 0.011024 -2.005437
-3.699883 -1.754616 -2.005437
-3.647576 -1.718424 -2.073831
-3.647576 0.009541 -2.073830
-3.647576 1.717507 -2.073830
-3.647610 -1.754616 -2.005437
-3.647610 -0.008976 -2.005437
-3.647610 1.756664 -2.005436
-3.543597 1.771654 -4.706155
-3.543597 0.010001 -4.706155
-3.543597 -1.771652 -4.706155
-3.543597 -1.771653 -4.653872
-3.543597 0.010001 -4.653872
-3.543597 1.771654 -4.653872
-3.570712 -1.771653 -4.700592
-3.570712 -0.009999 -4.700592
-3.570712 1.771654 -4.700592
-3.548673 1.771654 -4.653180
-3.548673 0.010001 -4.653180
-3.548673 -1.771652 -4.653180
-3.596833 -1.771653 -4.678603
-3.596833 -0.009999 -4.678603
-3.596832 1.771654 -4.678603
-3.552479 1.771654 -4.650920
-3.552480 0.010001 -4.650920
-3.552480 -1.771652 -4.650920
-3.605844 -1.771653 -4.644059
-3.605843 -0.009999 -4.644059
-3.605843 1.771654 -4.644059
-3.553570 1.771654 -4.644059
-3.553571 0.010001 -4.644059
-3.553571 -1.771652 -4.644059
-3.636420 -1.771653 -4.028941
-3.636420 -0.009999 -4.028941
-3.636420 1.771654 -4.028941
-3.584147 1.771654 -4.028941
-3.584147 0.010001 -4.028941
-3.584148 -1.771653 -4.028941
-3.641652 -1.771653 -2.542344
-3.641652 -0.009999 -2.542344
-3.641651 1.771654 -2.542344
-3.589379 1.771654 -2.542344
-3.589379 0.010001 -2.542344
-3.589379 -1.771653 -2.542344
-3.640893 -1.718424 -1.039269
-3.640893 -0.010459 -1.039269
-3.640892 1.717507 -1.039269
-3.588620 1.717507 -1.039269
-3.588620 -0.010459 -1.039269
-3.588620 -1.718424 -1.039269
-3.640927 -1.754616 -1.107663
-3.640927 0.011024 -1.107662
-3.640927 1.756663 -1.107662
-3.588654 1.756664 -1.107662
-3.588654 -0.008976 -1.107662
-3.588655 -1.754616 -1.107663
-3.640975 -1.771653 -1.182765
-3.640974 -0.009999 -1.182765
-3.640974 1.771654 -1.182765
-3.588701 1.771654 -1.182765
-3.588701 0.010001 -1.182765
-3.588702 -1.771653 -1.182765
3.543017 -1.771653 -4.706154
3.543017 -0.010000 -4.706154
3.543017 1.771654 -4.706154
3.543017 1.771654 -4.653870
3.543017 -0.010000 -4.653870
3.543017 -1.771653 -4.653871
3.570132 1.771654 -4.700590
3.570132 0.010000 -4.700590
3.570132 -1.771653 -4.700590
3.548093 -1.771653 -4.653179
3.548093 -0.010000 -4.653179
3.548094 1.771654 -4.653179
3.596253 1.771654 -4.678602
3.596253 0.010000 -4.678602
3.596253 -1.771653 -4.678602
3.551899 -1.771653 -4.650919
3.551900 -0.010000 -4.650919
3.551900 1.771654 -4.650918
3.605263 1.771654 -4.644058
3.605263 0.010000 -4.644058
3.605263 -1.771653 -4.644058
3.552990 -1.771653 -4.644058
3.552991 -0.010000 -4.644058
3.552991 1.771654 -4.644058
3.635840 1.771654 -4.028940
3.635840 0.010000 -4.028940
3.635840 -1.771653 -4.028940
3.583567 -1.771653 -4.028940
3.583568 -0.010000 -4.028940
3.583568 1.771654 -4.028940
3.641071 1.771654 -2.542343
3.641071 0.010000 -2.542343
3.641071 -1.771653 -2.542343
3.588799 -1.771654 -2.542343
3.588799 -0.010000 -2.542343
3.588799 1.771653 -2.542343
3.640393 1.771653 -1.182764
3.640393 0.010000 -1.182764
3.640393 -1.771654 -1.182764
3.588120 -1.771654 -1.182764
3.588121 -0.010000 -1.182764
3.588121 1.771653 -1.182764
3.640312 1.717506 -1.039268
3.640312 0.009540 -1.039268
3.640312 -1.718425 -1.039268
3.640346 1.756663 -1.107661
3.640346 0.011023 -1.107661
3.640346 -1.754617 -1.107662
3.588039 -1.718425 -1.039268
3.588039 0.009540 -1.039268
3.588040 1.717506 -1.039268
3.588073 -1.754617 -1.107662
3.588073 -0.008977 -1.107661
3.588074 1.756663 -1.107661
2.675464 -0.489345 1.593055
2.675464 0.010000 1.593055
2.675464 0.489345 1.593056
1.390745 -0.693906 1.593055
1.390745 -0.066846 1.514158
-1.391326 0.693906 1.593055
-2.676044 0.489345 1.593055
-2.676044 -0.010000 1.593055
-2.676044 -0.489345 1.593055
-1.771944 -1.771653 -4.706154
-1.771943 0.010001 -4.706154
-1.771943 1.771654 -4.706155
-0.921314 -1.771653 -4.706154
-0.921314 0.010001 -4.706154
0.920734 1.771654 -4.706154
1.771363 1.771654 -4.706154
1.771363 -0.010000 -4.706154
1.771363 -1.771653 -4.706154
0.920733 -3.543307 1.593055
-0.921314 3.543307 1.593056
-0.921314 3.543307 1.540772
0.920733 -3.543307 1.540772
-0.921314 -3.543307 -4.706155
0.920734 3.543308 -4.706154
-0.921313 3.543308 -4.653871
0.920733 -3.543307 -4.653872
-1.391326 -0.693905 1.593055
-1.391326 0.066846 1.514158
1.390745 0.693905 1.593055
0.920733 -1.771653 -4.706154
0.920734 0.010000 -4.706154
-0.921313 1.771654 -4.706155
-0.000291 -3.543307 1.593055
-0.000290 3.543307 1.593056
-0.000290 3.543307 1.540772
-0.000291 -3.543307 1.540772
-0.000290 -3.543307 -4.706155
-0.000290 3.543308 -4.706154
-0.000290 3.543308 -4.653871
-0.000290 -3.543307 -4.653872
-0.000291 -0.754789 1.593055
-0.000291 0.066846 1.514158
-0.000290 0.754789 1.593055
-0.000290 -1.771653 -4.706154
-0.000290 0.010001 -4.706154
-0.000290 1.771654 -4.706154
2.675464 -0.489345 1.514158
2.675464 0.044282 1.514158
2.675464 0.489345 1.514158
1.390745 0.693905 1.514158
-0.000290 0.754789 1.514158
-1.391326 0.693906 1.514158
-2.676044 0.489345 1.514158
-2.676044 -0.044282 1.514158
-2.676044 -0.489345 1.514158
-1.391326 -0.693905 1.514158
-0.000291 -0.754789 1.514158
1.390745 -0.693906 1.514158
3.543017 -0.010000 1.593055
3.543017 0.010000 1.540772
3.570132 0.010000 1.587492
3.548093 -0.010000 1.540080
3.596252 0.010000 1.565503
3.551899 -0.010000 1.537820
3.605263 0.010000 1.530960
3.552990 -0.010000 1.530960
3.643396 0.010000 0.915842
3.591123 -0.010000 0.915842
3.686946 0.010000 -0.570756
3.634674 -0.010000 -0.570756
3.694453 0.009540 -2.073831
3.642181 0.009541 -2.073831
3.694488 -0.008977 -2.005437
3.642215 0.011023 -2.005437
3.694535 0.010000 -1.930334
3.642262 -0.010000 -1.930334
-3.543597 0.010000 1.593055
-3.543597 -0.010000 1.540772
-3.570712 -0.010000 1.587492
-3.548674 0.010000 1.540080
-3.596833 -0.010000 1.565503
-3.552480 0.010000 1.537820
-3.605844 -0.010000 1.530960
-3.553571 0.010000 1.530960
-3.640249 -0.010000 0.915842
-3.587977 0.010000 0.915842
-3.696966 -0.009999 -0.570756
-3.644694 0.010001 -0.570756
-3.699930 -0.009999 -1.930334
-3.647657 0.010001 -1.930334
-3.699849 -0.010459 -2.073830
-3.699883 -0.008976 -2.005437
-3.647576 -0.010459 -2.073830
-3.647610 0.011024 -2.005437
-3.543597 -0.009999 -4.706155
-3.543597 -0.009999 -4.653872
-3.570712 0.010001 -4.700592
-3.548673 -0.009999 -4.653180
-3.596833 0.010001 -4.678603
-3.552480 -0.009999 -4.650920
-3.605843 0.010001 -4.644059
-3.553571 -0.009999 -4.644059
-3.636420 0.010001 -4.028941
-3.584147 -0.009999 -4.028941
-3.641652 0.010001 -2.542344
-3.589379 -0.009999 -2.542344
-3.640893 0.009541 -1.039269
-3.588620 0.009541 -1.039269
-3.640927 -0.008976 -1.107662
-3.588654 0.011024 -1.107662
-3.640974 0.010001 -1.182765
-3.588701 -0.009999 -1.182765
3.543017 0.010000 -4.706154
3.543017 0.010000 -4.653870
3.570132 -0.010000 -4.700590
3.548093 0.010000 -4.653179
3.596253 -0.010000 -4.678602
3.551900 0.010000 -4.650919
3.605263 -0.010000 -4.644058
3.552991 0.010000 -4.644058
3.635840 -0.010000 -4.028940
3.583568 0.010000 -4.028940
3.641071 -0.010000 -2.542343
3.588799 0.010000 -2.542343
3.640393 -0.010000 -1.182764
3.588121 0.010000 -1.182764
3.640312 -0.010460 -1.039268
3.640346 -0.008977 -1.107661
3.588039 -0.010460 -1.039268
3.588073 0.011023 -1.107661
2.675464 -0.010000 1.593055
1.390745 0.066846 1.514158
-2.676044 0.010000 1.593055
-1.771943 -0.009999 -4.706154
-0.921314 -0.009999 -4.706154
1.771363 0.010000 -4.706154
-1.391326 -0.066846 1.514158
0.920734 -0.010000 -4.706154
-0.000291 -0.066846 1.514158
-0.000290 -0.009999 -4.706154
2.675464 -0.044282 1.514158
-2.676044 0.044282 1.514158
-2.676045 -3.279109 0.349146
-1.391326 -3.280710 0.349146
-0.000291 -3.280711 0.349146
1.390745 -3.280711 0.349146
2.675463 -3.279109 0.349146
2.675463 3.279109 0.349147
1.390745 3.280710 0.349147
-0.000290 3.280711 0.349146
-1.391326 3.280711 0.349146
-2.676045 3.279109 0.349146
-2.676044 -0.044282 1.504131
-1.391326 -0.066846 1.504131
-0.000291 -0.066846 1.504131
1.390745 -0.066846 1.504131
2.675464 -0.044282 1.504131
2.675464 0.044282 1.504131
1.390745 0.066846 1.504131
-0.000291 0.066846 1.504131
-1.391326 0.066846 1.504131
-2.676044 0.044282 1.504131
-2.559510 -0.034057 0.946184
-2.150844 -0.041033 0.927764
-1.734382 -0.049024 0.906428
-1.409773 -0.042756 0.923221
-1.046543 -0.042458 0.924026
-0.662658 -0.045288 0.916446
-0.323881 -0.041258 0.927234
0.067677 -0.045205 0.916659
0.453827 -0.048307 0.908348
0.742309 -0.036731 0.939276
1.112581 -0.037446 0.937352
1.603587 -0.056209 0.887164
1.947769 -0.052995 0.895785
2.176389 -0.032539 0.950466
2.590634 -0.039804 0.931130
-2.535939 -0.029307 1.236175
-2.101860 -0.043056 1.207023
-1.686141 -0.052564 1.185273
-1.372601 -0.045506 1.204707
-0.984185 -0.049790 1.194158
-0.584393 -0.055452 1.179253
-0.280479 -0.046370 1.202558
0.090858 -0.047360 1.199209
0.485391 -0.051763 1.186933
0.753777 -0.037037 1.224156
1.092351 -0.032920 1.233979
1.596882 -0.054118 1.179658
1.967716 -0.055137 1.177523
2.182288 -0.032606 1.236045
2.575701 -0.037566 1.225725
-2.509293 -0.021094 1.510729
-2.048949 -0.044285 1.473965
-1.641941 -0.054957 1.456424
-1.349925 -0.045652 1.483000
-0.943870 -0.053577 1.465310
-0.531315 -0.061449 1.445033
-0.256458 -0.047804 1.477910
0.103529 -0.046735 1.478017
0.518095 -0.053761 1.457564
0.772585 -0.036358 1.498128
1.075601 -0.026360 1.520316
1.586845 -0.048991 1.465173
1.984461 -0.054701 1.453262
2.189926 -0.030900 1.513481
2.563023 -0.034422 1.512217
-2.703519 0.016277 1.763437
-2.170089 -0.046871 1.728996
-1.750892 -0.064941 1.721705
-1.477675 -0.037762 1.758984
-1.026258 -0.057793 1.741139
-0.572056 -0.075549 1.720371
-0.291621 -0.044409 1.756247
0.100984 -0.042739 1.755320
0.585904 -0.066104 1.723496
0.856326 -0.030898 1.762786
1.152252 -0.000568 1.795164
1.710678 -0.046637 1.743908
2.163301 -0.067265 1.725440
2.382324 -0.019253 1.784740
2.775644 -0.021227 1.793053
-2.925269 0.088393 1.989142
-2.321296 -0.054694 1.974419
-1.895323 -0.078929 1.982233
-1.650670 -0.002403 2.027414
-1.158600 -0.045348 2.017128
-0.673940 -0.077655 2.004107
-0.362592 -0.018926 2.033064
0.078098 -0.022194 2.029104
0.656993 -0.093132 1.988640
0.955343 -0.026561 2.020738
1.243068 0.050202 2.056196
1.852560 -0.039291 2.016097
2.371565 -0.092185 1.997846
2.608733 -0.001128 2.051816
3.022922 0.001506 2.069989
-3.068318 0.179074 2.193884
-2.416514 -0.064519 2.216454
-1.998706 -0.083000 2.238533
-1.790818 0.070351 2.279458
-1.266594 -0.004211 2.281149
-0.792652 -0.030383 2.281663
-0.435096 0.039784 2.296968
0.041708 0.026208 2.292464
0.707208 -0.120150 2.254771
1.032170 -0.025168 2.275327
1.305780 0.112451 2.303068
1.947848 -0.022015 2.281034
2.515204 -0.119907 2.272209
2.770636 0.017060 2.315533
3.194420 0.026449 2.342050
-3.156422 0.280583 2.384983
-2.475646 -0.063936 2.458433
-2.067636 -0.069584 2.489534
-1.888310 0.165247 2.510057
-1.320461 0.036796 2.528327
-0.867618 0.034863 2.536338
-0.486073 0.112117 2.541406
0.008216 0.092661 2.539556
0.738833 -0.135461 2.521107
1.085328 -0.018918 2.528281
1.347393 0.177621 2.537429
2.009342 0.004547 2.538445
2.612372 -0.139646 2.548289
2.878895 0.036374 2.576240
3.307134 0.050240 2.609026
-3.210453 0.374260 2.574916
-2.515588 -0.022257 2.694768
-2.107553 -0.029744 2.732249
-1.936982 0.228065 2.733128
-1.336962 0.062637 2.769331
-0.887892 0.089285 2.790889
-0.507727 0.157704 2.776937
-0.005715 0.140315 2.776799
0.757167 -0.110240 2.778722
1.114648 0.009987 2.776262
1.373978 0.222121 2.768745
2.048125 0.040197 2.788472
2.673847 -0.123678 2.817991
2.944925 0.055014 2.835387
3.377208 0.059339 2.875861
-3.248416 0.479968 2.764893
-2.550814 0.047475 2.926746
-2.128809 0.017899 2.971903
-1.939398 0.261630 2.957597
-1.358232 0.110620 3.004785
-0.891973 0.104798 3.015689
-0.500438 0.187055 3.008271
0.008060 0.170520 3.009204
0.764833 -0.067097 3.029895
1.123097 0.060659 3.017757
1.391531 0.271152 2.994593
2.075188 0.081116 3.033345
2.708224 -0.091126 3.082938
2.980881 0.086033 3.090219
3.420222 0.073583 3.139994
-3.286243 0.599339 2.957675
-2.593752 0.145956 3.152663
-2.143920 0.075454 3.210350
-1.913965 0.275896 3.190600
-1.356523 0.148767 3.240166
-0.847584 0.105088 3.258024
-0.468081 0.204015 3.241162
0.042754 0.191760 3.241947
0.763521 -0.005824 3.273577
1.115336 0.133543 3.250608
1.406192 0.327651 3.216362
2.099478 0.128271 3.274853
2.725725 -0.041609 3.342064
2.999642 0.132130 3.340184
3.451351 0.095730 3.402759
-3.338364 0.735191 3.154523
-2.656328 0.273797 3.371311
-2.169042 0.150686 3.446921
-1.885332 0.292025 3.431339
-1.327814 0.168418 3.482956
-0.774256 0.088232 3.509876
-0.420991 0.218758 3.478092
0.083293 0.219953 3.475602
0.753265 0.075714 3.508543
1.098142 0.227366 3.473656
1.424620 0.393758 3.435305
2.128174 0.183180 3.514724
2.737122 0.024736 3.595349
3.014722 0.194301 3.585923
3.485546 0.126346 3.666964
-3.418566 0.891900 3.355971
-2.749760 0.432454 3.582665
-2.221664 0.253578 3.678930
-1.879908 0.333160 3.673557
-1.312943 0.206226 3.726962
-0.737558 0.114036 3.758204
-0.385123 0.254908 3.714602
0.113545 0.271000 3.706720
0.734206 0.180023 3.733356
1.079752 0.340307 3.687054
1.453853 0.470699 3.652833
2.168182 0.247334 3.754682
2.753426 0.107447 3.843908
3.040125 0.272030 3.829639
3.537645 0.163489 3.937399
-3.540967 1.075656 3.562695
-2.885830 0.624841 3.788187
-2.318276 0.393048 3.903772
-1.921765 0.418323 3.909615
-1.350978 0.295856 3.960236
-0.768174 0.207608 3.990231
-0.386569 0.335364 3.941724
0.122066 0.356243 3.930145
0.708796 0.308466 3.946990
1.069213 0.470561 3.892227
1.500928 0.558829 3.870811
2.226182 0.321864 3.996628
2.785871 0.205870 4.090004
3.090151 0.363403 4.075486
3.622418 0.202315 4.221613
-3.721272 1.294780 3.776448
-3.077630 0.855600 3.991283
-2.473049 0.575507 4.121290
-2.028096 0.558458 4.134786
-1.462677 0.453685 4.174012
-0.876770 0.376621 4.196890
-0.437901 0.471667 4.151666
0.105870 0.480259 4.141829
0.682775 0.460570 4.149662
1.075696 0.616246 4.091819
1.572497 0.657651 4.091797
2.308742 0.407443 4.242857
2.845969 0.319186 4.337186
3.179217 0.464797 4.330339
3.711735 0.234299 4.472592
-3.772427 1.417225 4.026717
-3.339612 1.130737 4.198362
-2.697517 0.804557 4.335783
-2.207113 0.755277 4.350896
-1.651317 0.680703 4.368143
-1.057418 0.616260 4.377694
-0.535243 0.662550 4.342716
0.071113 0.640447 4.341380
0.664723 0.633711 4.343601
1.107803 0.774896 4.289757
1.674557 0.765938 4.319124
2.422447 0.504459 4.496180
2.945539 0.446198 4.590821
3.321691 0.569948 4.605289
3.762598 0.235137 4.706155
-2.559006 -0.024332 0.946151
-2.150422 -0.031306 0.927796
-1.734372 -0.039293 0.906495
-1.409967 -0.033027 0.923313
-1.046440 -0.032730 0.924196
-0.662751 -0.035561 0.916643
-0.323949 -0.031528 0.927328
0.067894 -0.035475 0.916707
0.453474 -0.038579 0.908405
0.741804 -0.027006 0.939259
1.113064 -0.027721 0.937282
1.603919 -0.046480 0.887154
1.946810 -0.043285 0.895828
2.175462 -0.022827 0.950462
2.591012 -0.030076 0.931090
-2.535172 -0.019590 1.236070
-2.101288 -0.033333 1.207015
-1.686167 -0.042833 1.185325
-1.372702 -0.035776 1.204753
-0.983908 -0.040061 1.194257
-0.584639 -0.045725 1.179428
-0.280767 -0.036642 1.202647
0.091043 -0.037630 1.199238
0.484869 -0.042038 1.186995
0.753020 -0.027319 1.224155
1.092698 -0.023193 1.233890
1.597373 -0.044393 1.179599
1.966536 -0.045438 1.177546
2.181285 -0.022898 1.236037
2.575997 -0.027837 1.225687
-2.507782 -0.011416 1.510603
-2.048124 -0.034570 1.474046
-1.642168 -0.045227 1.456465
-1.349906 -0.035921 1.482967
-0.943388 -0.043853 1.465431
-0.531812 -0.051726 1.445183
-0.256988 -0.038079 1.477897
0.103786 -0.037006 1.478019
0.517433 -0.044041 1.457687
0.771383 -0.026660 1.498079
1.075822 -0.016637 1.520020
1.587545 -0.039272 1.465087
1.983305 -0.045002 1.453390
2.188507 -0.021215 1.513526
2.563239 -0.024695 1.512022
-2.700025 0.025725 1.763309
-2.168496 -0.037204 1.729253
-1.751770 -0.055228 1.721624
-1.477851 -0.028043 1.758610
-1.025320 -0.048082 1.741162
-0.573029 -0.065840 1.720381
-0.292656 -0.034710 1.755938
0.101713 -0.033021 1.755183
0.584730 -0.056417 1.723881
0.853611 -0.021337 1.762852
1.152318 0.009118 1.794439
1.712037 -0.036953 1.743647
2.160789 -0.057726 1.726179
2.379664 -0.009691 1.785020
2.775799 -0.011513 1.792617
-2.919318 0.097270 1.988756
-2.318551 -0.045147 1.974777
-1.897948 -0.069371 1.981806
-1.651974 0.007168 2.026229
-1.157107 -0.035688 2.016636
-0.675215 -0.067995 2.003477
-0.364177 -0.009328 2.032124
0.079788 -0.012555 2.028542
0.655514 -0.083475 1.989169
0.949991 -0.017514 2.021067
1.242331 0.059830 2.055161
1.855132 -0.029738 2.015546
2.367896 -0.082872 1.998947
2.604710 0.008215 2.052198
3.022892 0.011216 2.069492
-3.060276 0.187135 2.193067
-2.412763 -0.055117 2.216653
-2.003989 -0.073983 2.237737
-1.794010 0.079511 2.277509
-1.264736 0.005366 2.280212
-0.793931 -0.020845 2.280321
-0.436690 0.049248 2.295415
0.044520 0.035657 2.291393
0.706060 -0.110459 2.255111
1.024524 -0.016884 2.275684
1.303772 0.121975 2.301914
1.951787 -0.012697 2.280257
2.511441 -0.110562 2.273020
2.765577 0.026182 2.315844
3.194091 0.036160 2.341591
-3.147035 0.287896 2.383818
-2.471025 -0.054715 2.458056
-2.074733 -0.061170 2.488544
-1.893096 0.174134 2.508222
-1.318388 0.046352 2.527378
-0.869206 0.044339 2.534828
-0.487757 0.121603 2.539961
0.011726 0.101977 2.538339
0.738275 -0.125741 2.520881
1.076393 -0.011213 2.528346
1.344339 0.187047 2.536407
2.014392 0.013594 2.537471
2.608878 -0.130202 2.548527
2.873204 0.045336 2.576416
3.306532 0.059957 2.608768
-3.200352 0.381072 2.573535
-2.510046 -0.013350 2.693734
-2.114988 -0.021487 2.731129
-1.942397 0.236966 2.731900
-1.334634 0.072188 2.768528
-0.890558 0.098769 2.789902
-0.509546 0.167287 2.776018
-0.002127 0.149671 2.775858
0.756938 -0.100569 2.777888
1.105501 0.017550 2.775720
1.370504 0.231486 2.767745
2.053635 0.049115 2.787446
2.670775 -0.114177 2.817598
2.939456 0.064036 2.835191
3.377002 0.069061 2.875555
-3.237794 0.486335 2.763290
-2.544184 0.055935 2.925254
-2.135332 0.026474 2.970714
-1.944744 0.270652 2.956967
-1.354964 0.120037 3.003904
-0.894205 0.114404 3.015328
-0.502383 0.196674 3.007727
0.011484 0.179929 3.008437
0.764363 -0.057507 3.028636
1.114004 0.068153 3.016669
1.388179 0.280486 2.993340
2.080938 0.089944 3.032207
2.705469 -0.081629 3.082103
2.975957 0.095160 3.089588
3.420903 0.083280 3.139464
-3.275285 0.605420 2.956007
-2.585918 0.153838 3.150853
-2.148361 0.084524 3.208853
-1.918466 0.285138 3.190169
-1.352800 0.158143 3.239538
-0.849673 0.114719 3.258145
-0.470526 0.213604 3.240907
0.045766 0.201227 3.241149
0.762420 0.003625 3.271860
1.106473 0.141002 3.248994
1.403391 0.336989 3.214801
2.105408 0.137004 3.273536
2.723224 -0.032157 3.340815
2.995442 0.141354 3.339135
3.453274 0.105325 3.401981
-3.327225 0.741147 3.152903
-2.647474 0.281117 3.369339
-2.170533 0.160007 3.444890
-1.887944 0.301531 3.430450
-1.323729 0.177715 3.482224
-0.776599 0.097836 3.509759
-0.424558 0.228184 3.477736
0.085523 0.229461 3.474476
0.751333 0.084923 3.506312
1.089753 0.234862 3.471546
1.422810 0.403100 3.433406
2.134250 0.191802 3.513163
2.734845 0.034118 3.593722
3.011408 0.203600 3.584499
3.488984 0.135713 3.665942
-3.407376 0.897861 3.354462
-2.740194 0.439351 3.580662
-2.220100 0.262650 3.676317
-1.880103 0.342614 3.671767
-1.308669 0.215347 3.725522
-0.739943 0.123463 3.756790
-0.389496 0.264050 3.713332
0.114757 0.280421 3.704931
0.731476 0.188884 3.730568
1.072179 0.347940 3.684469
1.453430 0.479987 3.650587
2.174370 0.255821 3.752820
2.751391 0.116750 3.841954
3.037882 0.281381 3.827898
3.542770 0.172462 3.936153
-3.529828 1.081715 3.561325
-2.875830 0.631493 3.786249
-2.314404 0.401563 3.900707
-1.920126 0.427305 3.906832
-1.346823 0.304572 3.957648
-0.770023 0.216376 3.987092
-0.390770 0.343995 3.938987
0.122404 0.365329 3.927441
0.705520 0.316912 3.943637
1.062849 0.478402 3.889187
1.502152 0.567939 3.868228
2.232430 0.330198 3.994433
2.784149 0.215100 4.087782
3.089221 0.372770 4.073493
3.629299 0.210703 4.220180
-3.710204 1.300936 3.775191
-3.067396 0.862160 3.989488
-2.467779 0.583498 4.117942
-2.025746 0.566780 4.131058
-1.459089 0.461689 4.170131
-0.877585 0.384268 4.192232
-0.440852 0.479514 4.147462
0.105858 0.488785 4.138184
0.679378 0.468619 4.145792
1.070895 0.624293 4.088366
1.575419 0.666430 4.088905
2.314968 0.415625 4.240326
2.844694 0.328363 4.334758
3.179920 0.474105 4.328164
3.720303 0.241942 4.471073
-3.761370 1.423402 4.025496
-3.329042 1.137153 4.196785
-2.690488 0.812132 4.332727
-2.204878 0.763290 4.346763
-1.648221 0.688434 4.363838
-1.056871 0.623252 4.372441
-0.537230 0.669669 4.337663
0.071216 0.648585 4.337234
0.661513 0.641524 4.339409
1.104814 0.782939 4.285790
1.679624 0.774054 4.315876
2.427873 0.512835 4.493543
2.943234 0.455295 4.588414
3.327388 0.578108 4.602407
3.772428 0.241843 4.704103
</float_array>
          <technique_common>
            <accessor source="#TissueBox-POSITION-array" count="996" stride="3">
              <param name="X" type="float"/>
              <param name="Y" type="float"/>
              <param name="Z" type="float"/>
            </accessor>
          </technique_common>
        </source>
        <source id="TissueBox-Normal0">
          <float_array id="TissueBox-Normal0-array" count="17856">
0.101015 -0.000000 0.994885
0.101014 -0.000000 0.994885
0.435906 -0.000000 0.899992
0.435906 -0.000000 0.899992
0.101014 -0.000000 0.994885
0.435904 -0.000000 0.899993
0.000000 -1.000000 0.000000
0.000000 -1.000000 0.000000
0.000000 -1.000000 0.000000
0.000000 -1.000000 0.000000
0.000000 -1.000000 -0.000000
0.000000 -1.000000 0.000000
-0.134979 0.000000 -0.990848
-0.134984 0.000000 -0.990848
-0.329338 0.000000 -0.944212
-0.329338 0.000000 -0.944212
-0.134984 0.000000 -0.990848
-0.329343 0.000000 -0.944210
0.000000 1.000000 0.000000
0.000000 1.000000 0.000000
-0.000000 1.000000 0.000000
0.000000 1.000000 0.000000
0.000000 1.000000 0.000000
0.000000 1.000000 0.000000
0.435906 -0.000000 0.899992
0.643997 -0.000000 0.765028
0.643999 -0.000000 0.765027
0.643997 -0.000000 0.765028
0.435906 -0.000000 0.899992
0.435904 -0.000000 0.899993
0.000000 -1.000000 0.000000
0.000000 -1.000000 0.000000
0.000000 -1.000000 0.000000
0.000000 -1.000000 0.000000
0.000000 -1.000000 0.000000
0.000000 -1.000000 0.000000
-0.329338 0.000000 -0.944212
-0.329343 0.000000 -0.944210
-0.510540 0.000000 -0.859854
-0.510540 0.000000 -0.859854
-0.329343 0.000000 -0.944210
-0.510545 0.000000 -0.859851
0.000000 1.000000 0.000000
0.000000 1.000000 0.000000
0.000000 1.000000 0.000000
0.000000 1.000000 0.000000
0.000000 1.000000 0.000000
0.000000 1.000000 0.000000
0.987460 -0.000000 0.157871
0.987460 -0.000000 0.157872
0.967624 -0.000000 0.252395
0.967624 -0.000000 0.252397
0.967624 -0.000000 0.252395
0.987460 -0.000000 0.157872
0.000000 -1.000000 0.000000
0.000000 -1.000000 0.000000
0.000000 -1.000000 0.000000
0.000000 -1.000000 0.000000
0.000000 -1.000000 0.000000
0.000000 -1.000000 0.000000
-0.993977 0.000000 -0.109588
-0.987591 0.000000 -0.157049
-0.987591 0.000000 -0.157050
-0.987591 0.000000 -0.157049
-0.993977 0.000000 -0.109588
-0.993977 0.000000 -0.109587
0.000000 1.000000 0.000000
0.000000 1.000000 0.000000
0.000000 1.000000 0.000000
0.000000 1.000000 0.000000
0.000000 1.000000 0.000000
0.000000 1.000000 0.000000
0.998960 -0.000000 0.045585
0.998960 -0.000000 0.045585
0.987460 -0.000000 0.157871
0.987460 -0.000000 0.157872
0.987460 -0.000000 0.157871
0.998960 -0.000000 0.045585
0.000000 -1.000000 0.000000
-0.000000 -1.000000 -0.000000
0.000000 -1.000000 0.000000
0.000000 -1.000000 0.000000
-0.000000 -1.000000 -0.000000
-0.000000 -1.000000 -0.000000
-0.998960 0.000000 -0.045585
-0.993977 0.000000 -0.109587
-0.993977 0.000000 -0.109588
-0.993977 0.000000 -0.109587
-0.998960 0.000000 -0.045585
-0.998960 0.000000 -0.045585
0.000000 1.000000 0.000000
0.000000 1.000000 0.000000
0.000000 1.000000 0.000000
0.000000 1.000000 0.000000
0.000000 1.000000 0.000000
0.000000 1.000000 0.000000
0.998960 -0.000000 0.045585
0.998960 -0.000000 0.045585
0.999848 -0.000000 0.017433
0.998960 -0.000000 0.045585
0.999848 -0.000000 0.017433
0.999848 -0.000000 0.017433
-0.000000 -1.000000 -0.000000
-0.000000 -1.000000 -0.000000
-0.000000 -1.000000 -0.000000
-0.000000 -1.000000 -0.000000
-0.000000 -1.000000 -0.000000
-0.000000 -1.000000 -0.000000
-0.998960 0.000000 -0.045585
-0.999848 0.000000 -0.017433
-0.999848 0.000000 -0.017433
-0.999848 0.000000 -0.017433
-0.998960 0.000000 -0.045585
-0.998960 0.000000 -0.045585
0.000000 1.000000 0.000000
0.000000 1.000000 0.000000
0.000000 1.000000 0.000000
0.000000 1.000000 0.000000
0.000000 1.000000 0.000000
0.000000 1.000000 0.000000
0.999848 -0.000000 0.017433
0.999848 -0.000000 0.017433
0.999997 0.000000 0.002476
0.999848 -0.000000 0.017433
0.999997 -0.000000 0.002476
0.999997 0.000000 0.002476
-0.000000 -1.000000 -0.000000
0.000000 -0.978663 -0.205473
0.000000 -0.978525 -0.206129
0.000000 -0.978663 -0.205473
-0.000000 -1.000000 -0.000000
-0.000000 -1.000000 -0.000000
-0.999848 0.000000 -0.017433
-0.999997 0.000000 -0.002476
-0.999997 0.000000 -0.002476
-0.999997 0.000000 -0.002476
-0.999848 0.000000 -0.017433
-0.999848 0.000000 -0.017433
0.000000 0.980962 -0.194199
0.000000 1.000000 0.000000
0.000000 1.000000 0.000000
0.000000 1.000000 0.000000
0.000000 0.980839 -0.194818
0.000000 0.980962 -0.194199
1.000000 -0.000000 -0.000563
1.000000 0.000000 -0.000563
1.000000 -0.000000 -0.000497
1.000000 -0.000000 -0.000563
1.000000 -0.000000 -0.000497
1.000000 -0.000000 -0.000498
0.000000 -0.814304 -0.580439
0.000000 -0.679400 -0.733768
0.000000 -0.814374 -0.580341
0.000000 -0.679400 -0.733768
0.000000 -0.814304 -0.580439
0.000000 -0.679400 -0.733768
-1.000000 0.000000 0.000564
-1.000000 0.000000 0.000564
-1.000000 0.000000 0.000498
-1.000000 0.000000 0.000564
-1.000000 0.000000 0.000498
-1.000000 0.000000 0.000498
0.000000 0.664899 -0.746934
0.000000 0.815304 -0.579033
0.000000 0.664899 -0.746934
0.000000 0.664899 -0.746934
0.000000 0.815304 -0.579033
0.000000 0.815382 -0.578924
0.999997 -0.000000 0.002476
0.999997 0.000000 0.002476
1.000000 0.000000 -0.000563
0.999997 -0.000000 0.002476
1.000000 0.000000 -0.000563
1.000000 -0.000000 -0.000563
0.000000 -0.978663 -0.205473
0.000000 -0.814374 -0.580341
0.000000 -0.978525 -0.206129
0.000000 -0.814374 -0.580341
0.000000 -0.978663 -0.205473
0.000000 -0.814304 -0.580439
-0.999997 0.000000 -0.002476
-0.999997 0.000000 -0.002476
-1.000000 0.000000 0.000564
-0.999997 0.000000 -0.002476
-1.000000 0.000000 0.000564
-1.000000 0.000000 0.000564
0.000000 0.980962 -0.194199
0.000000 0.980839 -0.194818
0.000000 0.815382 -0.578924
0.000000 0.980962 -0.194199
0.000000 0.815382 -0.578924
0.000000 0.815304 -0.579033
0.000000 0.000000 -1.000000
0.000000 0.000000 -1.000000
0.000000 0.000000 -1.000000
0.000000 0.000000 -1.000000
0.000000 0.000000 -1.000000
0.000000 0.000000 -1.000000
-0.000000 -0.000000 1.000000
-0.000000 0.000000 1.000000
-0.000000 0.000000 1.000000
-0.000000 -0.000000 1.000000
-0.000000 0.000000 1.000000
-0.000000 -0.000000 1.000000
-0.000000 -1.000000 -0.000000
-0.000000 -1.000000 -0.000000
-0.000000 -1.000000 -0.000000
-0.000000 -1.000000 -0.000000
-0.000000 -1.000000 -0.000000
-0.000000 -1.000000 -0.000000
0.000000 1.000000 -0.000000
0.000000 1.000000 0.000000
0.000000 1.000000 0.000000
0.000000 1.000000 0.000000
0.000000 1.000000 -0.000000
0.000000 1.000000 -0.000000
-0.435906 -0.000000 0.899992
-0.435906 -0.000000 0.899992
-0.101014 -0.000000 0.994885
-0.101014 -0.000000 0.994885
-0.435906 -0.000000 0.899992
-0.101014 -0.000000 0.994885
0.000000 -1.000000 0.000000
0.000000 -1.000000 0.000000
0.000000 -1.000000 0.000000
0.000000 -1.000000 0.000000
0.000000 -1.000000 0.000000
0.000000 -1.000000 -0.000000
0.329346 0.000000 -0.944209
0.329346 -0.000000 -0.944209
0.134967 0.000000 -0.990850
0.134967 0.000000 -0.990850
0.329346 -0.000000 -0.944209
0.134979 0.000000 -0.990848
0.000000 1.000000 0.000000
0.000000 1.000000 0.000000
0.000000 1.000000 0.000000
0.000000 1.000000 0.000000
0.000000 1.000000 0.000000
-0.000000 1.000000 0.000000
-0.643999 -0.000000 0.765026
-0.435906 -0.000000 0.899992
-0.435906 -0.000000 0.899992
-0.435906 -0.000000 0.899992
-0.643999 -0.000000 0.765026
-0.643999 0.000000 0.765026
0.000000 -1.000000 0.000000
0.000000 -1.000000 0.000000
0.000000 -1.000000 0.000000
0.000000 -1.000000 0.000000
0.000000 -1.000000 0.000000
0.000000 -1.000000 0.000000
0.510565 0.000000 -0.859839
0.510555 -0.000000 -0.859845
0.329346 0.000000 -0.944209
0.329346 0.000000 -0.944209
0.510555 -0.000000 -0.859845
0.329346 -0.000000 -0.944209
0.000000 1.000000 0.000000
0.000000 1.000000 0.000000
0.000000 1.000000 0.000000
0.000000 1.000000 0.000000
0.000000 1.000000 0.000000
0.000000 1.000000 0.000000
-0.967624 0.000000 0.252398
-0.987932 0.000000 0.154889
-0.987932 0.000000 0.154890
-0.987932 0.000000 0.154889
-0.967624 0.000000 0.252398
-0.967624 0.000000 0.252395
0.000000 -1.000000 0.000000
0.000000 -1.000000 0.000000
0.000000 -1.000000 0.000000
0.000000 -1.000000 0.000000
0.000000 -1.000000 0.000000
0.000000 -1.000000 0.000000
0.987591 -0.000000 -0.157051
0.994303 -0.000000 -0.106586
0.994303 -0.000000 -0.106587
0.994303 -0.000000 -0.106586
0.987591 -0.000000 -0.157051
0.987591 -0.000000 -0.157050
0.000000 1.000000 0.000000
0.000000 1.000000 0.000000
0.000000 1.000000 0.000000
0.000000 1.000000 0.000000
0.000000 1.000000 0.000000
0.000000 1.000000 0.000000
-0.987932 0.000000 0.154890
-0.998896 0.000000 0.046987
-0.998896 0.000000 0.046987
-0.998896 0.000000 0.046987
-0.987932 0.000000 0.154890
-0.987932 0.000000 0.154889
0.000000 -1.000000 -0.000000
0.000000 -1.000000 0.000000
0.000000 -1.000000 0.000000
0.000000 -1.000000 0.000000
0.000000 -1.000000 -0.000000
0.000000 -1.000000 -0.000000
0.994303 -0.000000 -0.106586
0.998896 -0.000000 -0.046987
0.994303 -0.000000 -0.106587
0.998896 -0.000000 -0.046987
0.994303 -0.000000 -0.106586
0.998896 -0.000000 -0.046987
0.000000 1.000000 0.000000
0.000000 1.000000 0.000000
0.000000 1.000000 0.000000
0.000000 1.000000 0.000000
0.000000 1.000000 0.000000
0.000000 1.000000 0.000000
-0.998896 0.000000 0.046987
-0.999797 0.000000 0.020155
-0.998896 0.000000 0.046987
-0.999797 0.000000 0.020155
-0.998896 0.000000 0.046987
-0.999797 0.000000 0.020155
0.000000 -1.000000 -0.000000
0.000000 -1.000000 -0.000000
0.000000 -1.000000 -0.000000
0.000000 -1.000000 -0.000000
0.000000 -1.000000 -0.000000
0.000000 -1.000000 -0.000000
0.998896 -0.000000 -0.046987
0.999797 -0.000000 -0.020155
0.999797 -0.000000 -0.020155
0.999797 -0.000000 -0.020155
0.998896 -0.000000 -0.046987
0.998896 -0.000000 -0.046987
0.000000 1.000000 0.000000
0.000000 1.000000 0.000000
0.000000 1.000000 0.000000
0.000000 1.000000 0.000000
0.000000 1.000000 0.000000
0.000000 1.000000 0.000000
-0.999797 0.000000 0.020155
-1.000000 0.000000 0.000776
-1.000000 0.000000 0.000776
-1.000000 0.000000 0.000776
-0.999797 0.000000 0.020155
-0.999797 0.000000 0.020155
0.000000 -1.000000 -0.000000
0.000000 -0.978616 -0.205695
0.000000 -1.000000 -0.000000
0.000000 -0.978616 -0.205695
0.000000 -1.000000 -0.000000
0.000000 -0.978572 -0.205905
0.999797 -0.000000 -0.020155
1.000000 -0.000000 -0.000776
0.999797 -0.000000 -0.020155
1.000000 -0.000000 -0.000776
0.999797 -0.000000 -0.020155
1.000000 -0.000000 -0.000776
0.000000 1.000000 0.000000
0.000000 0.980920 -0.194409
0.000000 1.000000 0.000000
0.000000 1.000000 0.000000
0.000000 0.980920 -0.194409
0.000000 0.980881 -0.194607
-1.000000 0.000000 -0.000498
-1.000000 0.000000 -0.000498
-1.000000 0.000000 -0.000563
-1.000000 0.000000 -0.000563
-1.000000 0.000000 -0.000563
-1.000000 0.000000 -0.000498
0.000000 -0.814304 -0.580439
0.000000 -0.679400 -0.733768
0.000000 -0.679400 -0.733768
0.000000 -0.679400 -0.733768
0.000000 -0.814304 -0.580439
0.000000 -0.814374 -0.580341
1.000000 -0.000000 0.000499
1.000000 -0.000000 0.000499
1.000000 -0.000000 0.000564
1.000000 -0.000000 0.000564
1.000000 -0.000000 0.000564
1.000000 -0.000000 0.000499
0.000000 0.664899 -0.746934
0.000000 0.815304 -0.579033
0.000000 0.664899 -0.746934
0.000000 0.815304 -0.579033
0.000000 0.664899 -0.746934
0.000000 0.815381 -0.578924
-1.000000 0.000000 -0.000563
-1.000000 0.000000 -0.000563
-1.000000 0.000000 0.000776
-1.000000 0.000000 0.000776
-1.000000 0.000000 0.000776
-1.000000 0.000000 -0.000563
0.000000 -0.978616 -0.205695
0.000000 -0.814374 -0.580341
0.000000 -0.814304 -0.580439
0.000000 -0.814374 -0.580341
0.000000 -0.978616 -0.205695
0.000000 -0.978572 -0.205905
1.000000 -0.000000 0.000564
1.000000 -0.000000 0.000564
1.000000 -0.000000 -0.000776
1.000000 -0.000000 -0.000776
1.000000 -0.000000 -0.000776
1.000000 -0.000000 0.000564
0.000000 0.980881 -0.194607
0.000000 0.980920 -0.194409
0.000000 0.815381 -0.578924
0.000000 0.980920 -0.194409
0.000000 0.815304 -0.579033
0.000000 0.815381 -0.578924
0.000000 0.000000 -1.000000
0.000000 0.000000 -1.000000
0.000000 0.000000 -1.000000
0.000000 0.000000 -1.000000
0.000000 0.000000 -1.000000
0.000000 0.000000 -1.000000
-1.000000 0.000000 -0.000000
-1.000000 0.000000 -0.000000
-1.000000 0.000000 -0.000000
-1.000000 0.000000 -0.000000
-1.000000 0.000000 -0.000000
-1.000000 0.000000 -0.000000
-0.435905 0.000000 -0.899993
-0.101010 -0.000000 -0.994885
-0.435901 0.000000 -0.899994
-0.101010 -0.000000 -0.994885
-0.435905 0.000000 -0.899993
-0.101010 0.000000 -0.994885
0.000000 -1.000000 0.000000
0.000000 -1.000000 0.000000
0.000000 -1.000000 -0.000000
0.000000 -1.000000 0.000000
0.000000 -1.000000 0.000000
0.000000 -1.000000 0.000000
0.329346 -0.000000 0.944209
0.135030 -0.000000 0.990842
0.329346 -0.000000 0.944209
0.135030 -0.000000 0.990842
0.329346 -0.000000 0.944209
0.134984 -0.000000 0.990848
0.000000 1.000000 0.000000
0.000000 1.000000 0.000000
-0.000000 1.000000 0.000000
0.000000 1.000000 0.000000
0.000000 1.000000 0.000000
0.000000 1.000000 0.000000
-0.643999 0.000000 -0.765026
-0.644005 0.000000 -0.765022
-0.435901 0.000000 -0.899994
-0.435901 0.000000 -0.899994
-0.644005 0.000000 -0.765022
-0.435905 0.000000 -0.899993
0.000000 -1.000000 0.000000
0.000000 -1.000000 0.000000
0.000000 -1.000000 0.000000
0.000000 -1.000000 0.000000
0.000000 -1.000000 0.000000
0.000000 -1.000000 0.000000
0.510510 -0.000000 0.859872
0.329346 -0.000000 0.944209
0.329346 -0.000000 0.944209
0.329346 -0.000000 0.944209
0.510510 -0.000000 0.859872
0.510550 -0.000000 0.859848
0.000000 1.000000 0.000000
0.000000 1.000000 0.000000
0.000000 1.000000 0.000000
0.000000 1.000000 0.000000
0.000000 1.000000 0.000000
0.000000 1.000000 0.000000
-0.988408 0.000000 -0.151821
-0.967624 0.000000 -0.252397
-0.967625 0.000000 -0.252394
-0.967624 0.000000 -0.252397
-0.988408 0.000000 -0.151821
-0.988408 0.000000 -0.151823
0.000000 -1.000000 0.000000
0.000000 -1.000000 0.000000
0.000000 -1.000000 0.000000
0.000000 -1.000000 0.000000
0.000000 -1.000000 0.000000
0.000000 -1.000000 0.000000
0.994630 -0.000000 0.103499
0.987591 -0.000000 0.157048
0.994630 -0.000000 0.103499
0.987591 -0.000000 0.157048
0.994630 -0.000000 0.103499
0.987591 -0.000000 0.157048
0.000000 1.000000 0.000000
0.000000 1.000000 0.000000
0.000000 1.000000 0.000000
0.000000 1.000000 0.000000
0.000000 1.000000 0.000000
0.000000 1.000000 0.000000
-0.999646 0.000000 -0.026591
-0.988408 0.000000 -0.151821
-0.999646 0.000000 -0.026591
-0.988408 0.000000 -0.151821
-0.999646 0.000000 -0.026591
-0.988408 0.000000 -0.151823
0.000000 -1.000000 0.000000
0.000000 -1.000000 0.000000
0.000000 -1.000000 0.000000
0.000000 -1.000000 0.000000
0.000000 -1.000000 0.000000
0.000000 -1.000000 0.000000
0.999646 -0.000000 0.026591
0.994630 -0.000000 0.103499
0.994630 -0.000000 0.103499
0.994630 -0.000000 0.103499
0.999646 -0.000000 0.026591
0.999646 -0.000000 0.026591
0.000000 1.000000 0.000000
0.000000 1.000000 0.000000
0.000000 1.000000 0.000000
0.000000 1.000000 0.000000
0.000000 1.000000 0.000000
0.000000 1.000000 0.000000
-0.999999 0.000000 -0.001510
-0.999646 0.000000 -0.026591
-0.999999 0.000000 -0.001510
-0.999646 0.000000 -0.026591
-0.999999 0.000000 -0.001510
-0.999646 0.000000 -0.026591
0.000000 -1.000000 -0.000000
0.000000 -1.000000 0.000000
0.000000 -1.000000 -0.000000
0.000000 -1.000000 -0.000000
0.000000 -1.000000 0.000000
0.000000 -1.000000 0.000000
0.999999 -0.000000 0.001510
0.999646 -0.000000 0.026591
0.999646 -0.000000 0.026591
0.999646 -0.000000 0.026591
0.999999 -0.000000 0.001510
0.999999 -0.000000 0.001510
0.000000 1.000000 0.000000
0.000000 1.000000 0.000000
0.000000 1.000000 0.000000
0.000000 1.000000 0.000000
0.000000 1.000000 0.000000
0.000000 1.000000 0.000000
-1.000000 0.000000 0.000563
-0.999999 0.000000 -0.001510
-1.000000 0.000000 0.000563
-0.999999 0.000000 -0.001510
-1.000000 0.000000 0.000563
-0.999999 0.000000 -0.001510
0.000000 -0.978609 0.205730
0.000000 -1.000000 -0.000000
0.000000 -0.978579 0.205871
0.000000 -1.000000 -0.000000
0.000000 -0.978609 0.205730
0.000000 -1.000000 -0.000000
1.000000 -0.000000 -0.000563
0.999999 -0.000000 0.001510
0.999999 -0.000000 0.001510
0.999999 -0.000000 0.001510
1.000000 -0.000000 -0.000563
1.000000 -0.000000 -0.000563
0.000000 0.980914 0.194441
0.000000 1.000000 0.000000
0.000000 1.000000 0.000000
0.000000 1.000000 0.000000
0.000000 0.980914 0.194441
0.000000 0.980888 0.194575
-1.000000 0.000000 0.000497
-1.000000 0.000000 0.000498
-1.000000 0.000000 0.000563
-1.000000 0.000000 0.000497
-1.000000 0.000000 0.000563
-1.000000 0.000000 0.000563
0.000000 -0.679401 0.733767
0.000000 -0.814304 0.580439
0.000000 -0.679401 0.733767
0.000000 -0.814304 0.580439
0.000000 -0.679401 0.733767
0.000000 -0.814374 0.580340
1.000000 -0.000000 -0.000499
1.000000 -0.000000 -0.000499
1.000000 -0.000000 -0.000564
1.000000 -0.000000 -0.000499
1.000000 -0.000000 -0.000564
1.000000 -0.000000 -0.000564
0.000000 0.815304 0.579033
0.000000 0.815382 0.578924
0.000000 0.664899 0.746934
0.000000 0.815304 0.579033
0.000000 0.664899 0.746934
0.000000 0.664899 0.746934
-1.000000 0.000000 0.000563
-1.000000 0.000000 0.000563
-1.000000 0.000000 0.000564
-1.000000 0.000000 0.000563
-1.000000 0.000000 0.000564
-1.000000 0.000000 0.000564
0.000000 -0.814374 0.580340
0.000000 -0.978579 0.205871
0.000000 -0.814304 0.580439
0.000000 -0.978579 0.205871
0.000000 -0.814374 0.580340
0.000000 -0.978609 0.205730
1.000000 -0.000000 -0.000564
1.000000 -0.000000 -0.000564
1.000000 -0.000000 -0.000563
1.000000 -0.000000 -0.000564
1.000000 -0.000000 -0.000563
1.000000 -0.000000 -0.000563
0.000000 0.815304 0.579033
0.000000 0.980888 0.194575
0.000000 0.815382 0.578924
0.000000 0.815382 0.578924
0.000000 0.980888 0.194575
0.000000 0.980914 0.194441
0.000000 -0.000000 1.000000
0.000000 -0.000000 1.000000
0.000000 -0.000000 1.000000
0.000000 -0.000000 1.000000
0.000000 -0.000000 1.000000
0.000000 -0.000000 1.000000
0.000000 0.000000 -1.000000
0.000000 -0.000000 -1.000000
0.000000 0.000000 -1.000000
0.000000 0.000000 -1.000000
0.000000 -0.000000 -1.000000
0.000000 -0.000000 -1.000000
0.000000 1.000000 0.000000
0.000000 1.000000 0.000000
0.000000 1.000000 0.000000
0.000000 1.000000 0.000000
0.000000 1.000000 0.000000
0.000000 1.000000 0.000000
1.000000 -0.000000 0.000000
1.000000 -0.000000 0.000000
1.000000 -0.000000 0.000000
1.000000 -0.000000 0.000000
1.000000 -0.000000 0.000000
1.000000 -0.000000 0.000000
-0.000000 -1.000000 -0.000000
-0.000000 -1.000000 -0.000000
-0.000000 -1.000000 -0.000000
-0.000000 -1.000000 -0.000000
-0.000000 -1.000000 -0.000000
-0.000000 -1.000000 -0.000000
0.000000 1.000000 -0.000000
0.000000 1.000000 0.000000
0.000000 1.000000 0.000000
0.000000 1.000000 0.000000
0.000000 1.000000 -0.000000
0.000000 1.000000 -0.000000
0.101019 0.000000 -0.994884
0.435909 -0.000000 -0.899991
0.101019 -0.000000 -0.994884
0.435909 -0.000000 -0.899991
0.101019 0.000000 -0.994884
0.435909 0.000000 -0.899991
0.000000 -1.000000 -0.000000
0.000000 -1.000000 0.000000
0.000000 -1.000000 0.000000
0.000000 -1.000000 0.000000
0.000000 -1.000000 0.000000
0.000000 -1.000000 0.000000
-0.134939 -0.000000 0.990854
-0.329314 -0.000000 0.944221
-0.134893 -0.000000 0.990860
-0.329314 -0.000000 0.944221
-0.134939 -0.000000 0.990854
-0.329335 -0.000000 0.944213
0.000000 1.000000 0.000000
0.000000 1.000000 0.000000
-0.000000 1.000000 0.000000
0.000000 1.000000 0.000000
0.000000 1.000000 0.000000
0.000000 1.000000 0.000000
0.435909 0.000000 -0.899991
0.643999 -0.000000 -0.765026
0.435909 -0.000000 -0.899991
0.643999 -0.000000 -0.765026
0.435909 0.000000 -0.899991
0.643999 0.000000 -0.765026
0.000000 -1.000000 0.000000
0.000000 -1.000000 0.000000
0.000000 -1.000000 0.000000
0.000000 -1.000000 0.000000
0.000000 -1.000000 0.000000
0.000000 -1.000000 0.000000
-0.329314 -0.000000 0.944221
-0.510570 -0.000000 0.859836
-0.510570 0.000000 0.859836
-0.510570 -0.000000 0.859836
-0.329314 -0.000000 0.944221
-0.329335 -0.000000 0.944213
0.000000 1.000000 0.000000
0.000000 1.000000 0.000000
0.000000 1.000000 0.000000
0.000000 1.000000 0.000000
0.000000 1.000000 0.000000
0.000000 1.000000 0.000000
0.967623 -0.000000 -0.252399
0.988408 0.000000 -0.151823
0.988408 -0.000000 -0.151824
0.988408 0.000000 -0.151823
0.967623 -0.000000 -0.252399
0.967624 0.000000 -0.252396
0.000000 -1.000000 0.000000
0.000000 -1.000000 0.000000
0.000000 -1.000000 0.000000
0.000000 -1.000000 0.000000
0.000000 -1.000000 0.000000
0.000000 -1.000000 0.000000
-0.987591 0.000000 0.157048
-0.987591 0.000000 0.157048
-0.994630 0.000000 0.103499
-0.994630 0.000000 0.103499
-0.994630 0.000000 0.103499
-0.987591 0.000000 0.157048
0.000000 1.000000 0.000000
0.000000 1.000000 0.000000
0.000000 1.000000 0.000000
0.000000 1.000000 0.000000
0.000000 1.000000 0.000000
0.000000 1.000000 0.000000
0.988408 -0.000000 -0.151824
0.999646 0.000000 -0.026590
0.999646 0.000000 -0.026590
0.999646 0.000000 -0.026590
0.988408 -0.000000 -0.151824
0.988408 0.000000 -0.151823
0.000000 -1.000000 0.000000
0.000000 -1.000000 0.000000
0.000000 -1.000000 0.000000
0.000000 -1.000000 0.000000
0.000000 -1.000000 0.000000
0.000000 -1.000000 0.000000
-0.994630 0.000000 0.103499
-0.994630 0.000000 0.103499
-0.999646 0.000000 0.026590
-0.999646 0.000000 0.026590
-0.999646 0.000000 0.026590
-0.994630 0.000000 0.103499
0.000000 1.000000 0.000000
0.000000 1.000000 0.000000
0.000000 1.000000 0.000000
0.000000 1.000000 0.000000
0.000000 1.000000 0.000000
0.000000 1.000000 0.000000
0.999999 0.000000 -0.001510
0.999646 0.000000 -0.026590
0.999646 0.000000 -0.026590
0.999646 0.000000 -0.026590
0.999999 0.000000 -0.001510
0.999999 -0.000000 -0.001510
0.000000 -1.000000 -0.000000
0.000000 -1.000000 0.000000
0.000000 -1.000000 -0.000000
0.000000 -1.000000 0.000000
0.000000 -1.000000 -0.000000
0.000000 -1.000000 0.000000
-0.999999 0.000000 0.001510
-0.999999 0.000000 0.001510
-0.999646 0.000000 0.026590
-0.999999 0.000000 0.001510
-0.999646 0.000000 0.026590
-0.999646 0.000000 0.026590
0.000000 1.000000 0.000000
0.000000 1.000000 0.000000
0.000000 1.000000 0.000000
0.000000 1.000000 0.000000
0.000000 1.000000 0.000000
0.000000 1.000000 0.000000
1.000000 0.000000 0.000563
0.999999 -0.000000 -0.001510
0.999999 0.000000 -0.001510
0.999999 -0.000000 -0.001510
1.000000 0.000000 0.000563
1.000000 -0.000000 0.000563
0.000000 -0.978579 0.205871
0.000000 -1.000000 -0.000000
0.000000 -0.978609 0.205730
0.000000 -0.978609 0.205730
0.000000 -1.000000 -0.000000
0.000000 -1.000000 -0.000000
-1.000000 0.000000 -0.000564
-1.000000 0.000000 -0.000564
-0.999999 0.000000 0.001510
-1.000000 0.000000 -0.000564
-0.999999 0.000000 0.001510
-0.999999 0.000000 0.001510
0.000000 0.980914 0.194441
0.000000 1.000000 0.000000
0.000000 0.980888 0.194575
0.000000 1.000000 0.000000
0.000000 0.980914 0.194441
0.000000 1.000000 0.000000
1.000000 -0.000000 0.000497
1.000000 -0.000000 0.000563
1.000000 -0.000000 0.000498
1.000000 -0.000000 0.000563
1.000000 -0.000000 0.000497
1.000000 0.000000 0.000563
0.000000 -0.679401 0.733767
0.000000 -0.814304 0.580439
0.000000 -0.814374 0.580340
0.000000 -0.814304 0.580439
0.000000 -0.679401 0.733767
0.000000 -0.679401 0.733767
-1.000000 0.000000 -0.000498
-1.000000 0.000000 -0.000564
-1.000000 0.000000 -0.000498
-1.000000 0.000000 -0.000564
-1.000000 0.000000 -0.000498
-1.000000 0.000000 -0.000564
0.000000 0.815382 0.578924
0.000000 0.815304 0.579033
0.000000 0.664899 0.746934
0.000000 0.815304 0.579033
0.000000 0.664899 0.746934
0.000000 0.664899 0.746934
1.000000 0.000000 0.000563
1.000000 -0.000000 0.000564
1.000000 -0.000000 0.000563
1.000000 -0.000000 0.000564
1.000000 0.000000 0.000563
1.000000 0.000000 0.000564
0.000000 -0.814374 0.580340
0.000000 -0.978579 0.205871
0.000000 -0.978609 0.205730
0.000000 -0.978579 0.205871
0.000000 -0.814374 0.580340
0.000000 -0.814304 0.580439
-1.000000 0.000000 -0.000564
-1.000000 0.000000 -0.000564
-1.000000 0.000000 -0.000564
-1.000000 0.000000 -0.000564
-1.000000 0.000000 -0.000564
-1.000000 0.000000 -0.000564
0.000000 0.815382 0.578924
0.000000 0.980888 0.194575
0.000000 0.815304 0.579033
0.000000 0.980888 0.194575
0.000000 0.815382 0.578924
0.000000 0.980914 0.194441
0.000000 -0.000000 1.000000
0.000000 -0.000000 1.000000
0.000000 -0.000000 1.000000
0.000000 -0.000000 1.000000
0.000000 -0.000000 1.000000
0.000000 -0.000000 1.000000
-0.000000 -1.000000 -0.000000
-0.000000 -1.000000 -0.000000
-0.000000 -1.000000 -0.000000
-0.000000 -1.000000 -0.000000
-0.000000 -1.000000 -0.000000
-0.000000 -1.000000 -0.000000
0.101014 -0.000000 0.994885
0.101014 -0.000000 0.994885
0.000000 -0.000000 1.000000
0.101014 -0.000000 0.994885
0.000000 -0.000000 1.000000
0.000000 -0.000000 1.000000
-0.000000 -0.000000 1.000000
-0.000000 -0.000000 1.000000
-0.000000 -0.000000 1.000000
-0.000000 -0.000000 1.000000
-0.000000 -0.000000 1.000000
-0.000000 -0.000000 1.000000
0.000000 -0.000000 1.000000
-0.101014 -0.000000 0.994885
-0.101014 -0.000000 0.994885
0.000000 -0.000000 1.000000
-0.101014 -0.000000 0.994885
0.000000 -0.000000 1.000000
0.000000 -1.000000 0.000000
-0.000000 -1.000000 -0.000000
0.000000 -1.000000 -0.000000
-0.000000 -1.000000 -0.000000
0.000000 -1.000000 0.000000
-0.000000 -1.000000 -0.000000
-0.000000 -1.000000 -0.000000
-0.000000 -1.000000 -0.000000
-0.000000 -1.000000 -0.000000
-0.000000 -1.000000 -0.000000
-0.000000 -1.000000 -0.000000
-0.000000 -1.000000 -0.000000
0.000000 -1.000000 -0.000000
-0.000000 -1.000000 -0.000000
0.000000 -1.000000 0.000000
-0.000000 -1.000000 -0.000000
0.000000 -1.000000 -0.000000
-0.000000 -1.000000 -0.000000
0.000000 1.000000 0.000000
0.000000 1.000000 0.000000
-0.000000 1.000000 0.000000
0.000000 1.000000 0.000000
0.000000 1.000000 0.000000
0.000000 1.000000 -0.000000
0.000000 1.000000 -0.000000
0.000000 1.000000 0.000000
0.000000 1.000000 0.000000
0.000000 1.000000 0.000000
0.000000 1.000000 -0.000000
0.000000 1.000000 -0.000000
-0.000000 1.000000 0.000000
0.000000 1.000000 -0.000000
0.000000 1.000000 0.000000
0.000000 1.000000 -0.000000
-0.000000 1.000000 0.000000
0.000000 1.000000 0.000000
-0.101010 0.000000 -0.994885
0.000000 -0.000000 -1.000000
0.000000 0.000000 -1.000000
0.000000 -0.000000 -1.000000
-0.101010 0.000000 -0.994885
-0.101010 0.000000 -0.994885
0.000000 0.000000 -1.000000
0.000000 -0.000000 -1.000000
0.000000 0.000000 -1.000000
0.000000 0.000000 -1.000000
0.000000 -0.000000 -1.000000
0.000000 0.000000 -1.000000
0.000000 -0.000000 -1.000000
0.101019 0.000000 -0.994884
0.101019 -0.000000 -0.994884
0.101019 0.000000 -0.994884
0.000000 -0.000000 -1.000000
0.000000 0.000000 -1.000000
-0.000000 1.000000 0.000000
0.000000 1.000000 0.000000
-0.000000 1.000000 0.000000
0.000000 1.000000 0.000000
-0.000000 1.000000 0.000000
0.000000 1.000000 0.000000
0.000000 1.000000 0.000000
0.000000 1.000000 0.000000
0.000000 1.000000 0.000000
0.000000 1.000000 0.000000
0.000000 1.000000 0.000000
0.000000 1.000000 0.000000
0.000000 1.000000 0.000000
-0.000000 1.000000 0.000000
0.000000 1.000000 0.000000
-0.000000 1.000000 0.000000
0.000000 1.000000 0.000000
-0.000000 1.000000 0.000000
0.000000 -1.000000 0.000000
-0.000000 -1.000000 -0.000000
0.000000 -1.000000 -0.000000
-0.000000 -1.000000 -0.000000
0.000000 -1.000000 0.000000
-0.000000 -1.000000 -0.000000
-0.000000 -1.000000 -0.000000
-0.000000 -1.000000 -0.000000
-0.000000 -1.000000 -0.000000
-0.000000 -1.000000 -0.000000
-0.000000 -1.000000 -0.000000
-0.000000 -1.000000 -0.000000
0.000000 -1.000000 -0.000000
-0.000000 -1.000000 -0.000000
0.000000 -1.000000 0.000000
-0.000000 -1.000000 -0.000000
0.000000 -1.000000 -0.000000
-0.000000 -1.000000 -0.000000
0.000000 1.000000 0.000000
0.000000 1.000000 0.000000
-0.000000 1.000000 0.000000
0.000000 1.000000 0.000000
0.000000 1.000000 0.000000
0.000000 1.000000 -0.000000
0.000000 1.000000 -0.000000
0.000000 1.000000 0.000000
0.000000 1.000000 0.000000
0.000000 1.000000 0.000000
0.000000 1.000000 -0.000000
0.000000 1.000000 -0.000000
-0.000000 1.000000 0.000000
0.000000 1.000000 -0.000000
0.000000 1.000000 0.000000
0.000000 1.000000 -0.000000
-0.000000 1.000000 0.000000
0.000000 1.000000 0.000000
-0.000000 -1.000000 -0.000000
0.000000 -1.000000 -0.000000
0.000000 -1.000000 -0.000000
0.000000 -1.000000 -0.000000
-0.000000 -1.000000 -0.000000
-0.000000 -1.000000 -0.000000
-0.000000 -1.000000 -0.000000
-0.000000 -1.000000 -0.000000
-0.000000 -1.000000 -0.000000
-0.000000 -1.000000 -0.000000
-0.000000 -1.000000 -0.000000
-0.000000 -1.000000 -0.000000
-0.000000 -1.000000 -0.000000
0.000000 -1.000000 -0.000000
-0.000000 -1.000000 -0.000000
0.000000 -1.000000 -0.000000
-0.000000 -1.000000 -0.000000
0.000000 -1.000000 -0.000000
0.101014 -0.000000 0.994885
0.101013 -0.000000 0.994885
0.435903 -0.000000 0.899994
0.435903 -0.000000 0.899994
0.101013 -0.000000 0.994885
0.435903 -0.000000 0.899994
0.101014 -0.000000 0.994885
0.101014 -0.000000 0.994885
0.435904 -0.000000 0.899993
0.435904 -0.000000 0.899993
0.101014 -0.000000 0.994885
0.435903 -0.000000 0.899994
0.101015 -0.000000 0.994885
0.101015 -0.000000 0.994885
0.435906 -0.000000 0.899992
0.435906 -0.000000 0.899992
0.101015 -0.000000 0.994885
0.435906 -0.000000 0.899992
-0.134990 0.000000 -0.990847
-0.134996 0.000000 -0.990846
-0.329346 0.000000 -0.944209
-0.329346 0.000000 -0.944209
-0.134996 0.000000 -0.990846
-0.329346 0.000000 -0.944209
-0.134984 0.000000 -0.990848
-0.134990 0.000000 -0.990847
-0.329346 0.000000 -0.944209
-0.329346 0.000000 -0.944209
-0.134990 0.000000 -0.990847
-0.329346 0.000000 -0.944209
-0.134979 0.000000 -0.990848
-0.329335 0.000000 -0.944213
-0.134973 0.000000 -0.990849
-0.329335 0.000000 -0.944213
-0.134979 0.000000 -0.990848
-0.329338 0.000000 -0.944212
0.435903 -0.000000 0.899994
0.435903 -0.000000 0.899994
0.643996 -0.000000 0.765029
0.643996 -0.000000 0.765029
0.435903 -0.000000 0.899994
0.643996 -0.000000 0.765029
0.435904 -0.000000 0.899993
0.643996 -0.000000 0.765029
0.643996 -0.000000 0.765029
0.643996 -0.000000 0.765029
0.435904 -0.000000 0.899993
0.435903 -0.000000 0.899994
0.435906 -0.000000 0.899992
0.643999 -0.000000 0.765026
0.435906 -0.000000 0.899992
0.643999 -0.000000 0.765026
0.435906 -0.000000 0.899992
0.643999 -0.000000 0.765027
-0.329346 0.000000 -0.944209
-0.329346 0.000000 -0.944209
-0.510545 0.000000 -0.859851
-0.510545 0.000000 -0.859851
-0.329346 0.000000 -0.944209
-0.510540 0.000000 -0.859854
-0.329346 0.000000 -0.944209
-0.329346 0.000000 -0.944209
-0.510550 0.000000 -0.859848
-0.510550 0.000000 -0.859848
-0.329346 0.000000 -0.944209
-0.510545 0.000000 -0.859851
-0.329338 0.000000 -0.944212
-0.510540 0.000000 -0.859854
-0.329335 0.000000 -0.944213
-0.510540 0.000000 -0.859854
-0.329338 0.000000 -0.944212
-0.510540 0.000000 -0.859854
0.987459 -0.000000 0.157873
0.987459 -0.000000 0.157872
0.967623 -0.000000 0.252399
0.967624 -0.000000 0.252398
0.967623 -0.000000 0.252399
0.987459 -0.000000 0.157872
0.987459 -0.000000 0.157872
0.987460 -0.000000 0.157871
0.967624 -0.000000 0.252398
0.967624 -0.000000 0.252395
0.967624 -0.000000 0.252398
0.987460 -0.000000 0.157871
0.967624 -0.000000 0.252397
0.987460 0.000000 0.157872
0.967624 0.000000 0.252397
0.987460 0.000000 0.157872
0.967624 -0.000000 0.252397
0.987460 -0.000000 0.157872
-0.993977 0.000000 -0.109590
-0.987590 0.000000 -0.157053
-0.987590 0.000000 -0.157053
-0.987590 0.000000 -0.157053
-0.993977 0.000000 -0.109590
-0.993977 0.000000 -0.109589
-0.993977 0.000000 -0.109589
-0.987590 0.000000 -0.157051
-0.987590 0.000000 -0.157053
-0.987590 0.000000 -0.157051
-0.993977 0.000000 -0.109589
-0.993977 0.000000 -0.109589
-0.987591 0.000000 -0.157048
-0.993977 0.000000 -0.109587
-0.993977 0.000000 -0.109587
-0.993977 0.000000 -0.109587
-0.987591 0.000000 -0.157048
-0.987591 0.000000 -0.157049
0.998961 -0.000000 0.045585
0.998960 -0.000000 0.045585
0.987459 -0.000000 0.157873
0.987459 -0.000000 0.157872
0.987459 -0.000000 0.157873
0.998960 -0.000000 0.045585
0.998960 -0.000000 0.045585
0.998960 -0.000000 0.045585
0.987459 -0.000000 0.157872
0.987460 -0.000000 0.157871
0.987459 -0.000000 0.157872
0.998960 -0.000000 0.045585
0.987460 -0.000000 0.157872
0.998961 0.000000 0.045585
0.987460 0.000000 0.157872
0.998961 0.000000 0.045585
0.987460 -0.000000 0.157872
0.998960 -0.000000 0.045585
-0.998960 0.000000 -0.045585
-0.993977 0.000000 -0.109589
-0.993977 0.000000 -0.109590
-0.993977 0.000000 -0.109589
-0.998960 0.000000 -0.045585
-0.998961 0.000000 -0.045585
-0.998961 0.000000 -0.045585
-0.993977 0.000000 -0.109589
-0.993977 0.000000 -0.109589
-0.993977 0.000000 -0.109589
-0.998961 0.000000 -0.045585
-0.998960 0.000000 -0.045585
-0.993977 0.000000 -0.109587
-0.998960 0.000000 -0.045585
-0.998961 0.000000 -0.045585
-0.998960 0.000000 -0.045585
-0.993977 0.000000 -0.109587
-0.993977 0.000000 -0.109587
0.998960 -0.000000 0.045585
0.999848 -0.000000 0.017433
0.999848 -0.000000 0.017433
0.999848 -0.000000 0.017433
0.998960 -0.000000 0.045585
0.998961 -0.000000 0.045585
0.998960 -0.000000 0.045585
0.999848 -0.000000 0.017433
0.999848 -0.000000 0.017433
0.999848 -0.000000 0.017433
0.998960 -0.000000 0.045585
0.998960 -0.000000 0.045585
0.998961 0.000000 0.045585
0.999848 -0.000000 0.017433
0.999848 0.000000 0.017433
0.999848 -0.000000 0.017433
0.998961 0.000000 0.045585
0.998960 -0.000000 0.045585
-0.998961 0.000000 -0.045585
-0.998960 0.000000 -0.045585
-0.999848 0.000000 -0.017433
-0.998960 0.000000 -0.045585
-0.999848 0.000000 -0.017433
-0.999848 0.000000 -0.017433
-0.998960 0.000000 -0.045585
-0.998961 0.000000 -0.045585
-0.999848 0.000000 -0.017433
-0.998961 0.000000 -0.045585
-0.999848 0.000000 -0.017433
-0.999848 0.000000 -0.017433
-0.998960 0.000000 -0.045585
-0.999848 0.000000 -0.017433
-0.998961 0.000000 -0.045585
-0.999848 0.000000 -0.017433
-0.998960 0.000000 -0.045585
-0.999848 0.000000 -0.017433
0.999848 -0.000000 0.017433
0.999996 0.000000 0.002948
0.999997 0.000000 0.002476
0.999996 0.000000 0.002948
0.999848 -0.000000 0.017433
0.999848 -0.000000 0.017433
0.999848 -0.000000 0.017433
0.999848 -0.000000 0.017433
0.999997 -0.000000 0.002476
0.999848 -0.000000 0.017433
0.999997 0.000000 0.002476
0.999997 -0.000000 0.002476
0.999848 -0.000000 0.017433
0.999996 0.000000 0.002918
0.999848 0.000000 0.017433
0.999996 0.000000 0.002918
0.999848 -0.000000 0.017433
0.999997 0.000000 0.002476
-0.999848 0.000000 -0.017433
-0.999848 0.000000 -0.017433
-0.999997 0.000000 -0.002476
-0.999848 0.000000 -0.017433
-0.999996 0.000000 -0.002918
-0.999997 0.000000 -0.002476
-0.999848 0.000000 -0.017433
-0.999997 0.000000 -0.002476
-0.999997 0.000000 -0.002476
-0.999997 0.000000 -0.002476
-0.999848 0.000000 -0.017433
-0.999848 0.000000 -0.017433
-0.999848 0.000000 -0.017433
-0.999997 0.000000 -0.002476
-0.999996 0.000000 -0.002948
-0.999997 0.000000 -0.002476
-0.999848 0.000000 -0.017433
-0.999848 0.000000 -0.017433
1.000000 0.000000 -0.000594
1.000000 0.000000 -0.000564
1.000000 0.000000 -0.000500
1.000000 0.000000 -0.000500
1.000000 0.000000 -0.000564
1.000000 -0.000000 -0.000500
1.000000 0.000000 -0.000564
1.000000 -0.000000 -0.000564
1.000000 -0.000000 -0.000500
1.000000 -0.000000 -0.000500
1.000000 -0.000000 -0.000564
1.000000 -0.000000 -0.000499
1.000000 0.000000 -0.000563
1.000000 0.000000 -0.000594
1.000000 0.000000 -0.000497
1.000000 0.000000 -0.000563
1.000000 0.000000 -0.000497
1.000000 -0.000000 -0.000497
-1.000000 -0.000000 0.000593
-1.000000 0.000000 0.000564
-1.000000 -0.000000 0.000498
-1.000000 -0.000000 0.000498
-1.000000 0.000000 0.000564
-1.000000 0.000000 0.000499
-1.000000 0.000000 0.000564
-1.000000 0.000000 0.000564
-1.000000 0.000000 0.000499
-1.000000 0.000000 0.000499
-1.000000 0.000000 0.000564
-1.000000 0.000000 0.000499
-1.000000 0.000000 0.000564
-1.000000 0.000000 0.000593
-1.000000 0.000000 0.000498
-1.000000 0.000000 0.000564
-1.000000 0.000000 0.000498
-1.000000 0.000000 0.000498
0.999996 0.000000 0.002918
0.999997 0.000000 0.002476
1.000000 0.000000 -0.000594
1.000000 0.000000 -0.000594
0.999997 0.000000 0.002476
1.000000 0.000000 -0.000564
0.999997 -0.000000 0.002476
1.000000 0.000000 -0.000564
0.999997 0.000000 0.002476
1.000000 0.000000 -0.000564
0.999997 -0.000000 0.002476
1.000000 -0.000000 -0.000564
0.999997 0.000000 0.002476
0.999996 0.000000 0.002948
1.000000 0.000000 -0.000594
0.999997 0.000000 0.002476
1.000000 0.000000 -0.000594
1.000000 0.000000 -0.000563
-0.999996 0.000000 -0.002948
-0.999997 0.000000 -0.002476
-1.000000 -0.000000 0.000593
-1.000000 -0.000000 0.000593
-0.999997 0.000000 -0.002476
-1.000000 0.000000 0.000564
-0.999997 0.000000 -0.002476
-1.000000 0.000000 0.000564
-0.999997 0.000000 -0.002476
-1.000000 0.000000 0.000564
-0.999997 0.000000 -0.002476
-1.000000 0.000000 0.000564
-0.999997 0.000000 -0.002476
-0.999996 0.000000 -0.002918
-1.000000 0.000000 0.000593
-0.999997 0.000000 -0.002476
-1.000000 0.000000 0.000593
-1.000000 0.000000 0.000564
0.000000 0.000000 -1.000000
0.000000 0.000000 -1.000000
0.000000 0.000000 -1.000000
0.000000 0.000000 -1.000000
0.000000 0.000000 -1.000000
0.000000 0.000000 -1.000000
0.000000 0.000000 -1.000000
0.000000 0.000000 -1.000000
0.000000 0.000000 -1.000000
0.000000 0.000000 -1.000000
0.000000 0.000000 -1.000000
0.000000 0.000000 -1.000000
0.000000 0.000000 -1.000000
0.000000 0.000000 -1.000000
0.000000 0.000000 -1.000000
0.000000 0.000000 -1.000000
0.000000 0.000000 -1.000000
0.000000 0.000000 -1.000000
-0.000000 -0.000000 1.000000
-0.000000 -0.000000 1.000000
-0.000000 -0.000000 1.000000
-0.000000 -0.000000 1.000000
-0.000000 -0.000000 1.000000
0.000000 -0.000000 1.000000
-0.000000 -0.000000 1.000000
-0.000000 -0.000000 1.000000
-0.000000 -0.000000 1.000000
-0.000000 -0.000000 1.000000
-0.000000 -0.000000 1.000000
-0.000000 -0.000000 1.000000
0.000000 -0.000000 1.000000
-0.000000 -0.000000 1.000000
-0.000000 -0.000000 1.000000
-0.000000 -0.000000 1.000000
-0.000000 -0.000000 1.000000
-0.000000 -0.000000 1.000000
-0.435904 -0.000000 0.899993
-0.435904 -0.000000 0.899993
-0.101014 -0.000000 0.994885
-0.101014 -0.000000 0.994885
-0.435904 -0.000000 0.899993
-0.101014 -0.000000 0.994885
-0.435905 0.000000 0.899993
-0.435904 -0.000000 0.899993
-0.101014 -0.000000 0.994885
-0.101014 -0.000000 0.994885
-0.435904 -0.000000 0.899993
-0.101014 -0.000000 0.994885
-0.435906 -0.000000 0.899992
-0.101014 -0.000000 0.994885
-0.435906 -0.000000 0.899992
-0.101014 -0.000000 0.994885
-0.435906 -0.000000 0.899992
-0.101014 -0.000000 0.994885
0.329346 0.000000 -0.944209
0.329346 0.000000 -0.944209
0.135002 0.000000 -0.990845
0.135002 0.000000 -0.990845
0.329346 0.000000 -0.944209
0.135007 0.000000 -0.990845
0.329346 -0.000000 -0.944209
0.329346 0.000000 -0.944209
0.134990 0.000000 -0.990847
0.134990 0.000000 -0.990847
0.329346 0.000000 -0.944209
0.135002 0.000000 -0.990845
0.329346 0.000000 -0.944209
0.329346 0.000000 -0.944209
0.134962 0.000000 -0.990851
0.134962 0.000000 -0.990851
0.329346 0.000000 -0.944209
0.134967 0.000000 -0.990850
-0.643997 -0.000000 0.765028
-0.643996 -0.000000 0.765029
-0.435904 -0.000000 0.899993
-0.435904 -0.000000 0.899993
-0.643996 -0.000000 0.765029
-0.435904 -0.000000 0.899993
-0.643999 0.000000 0.765027
-0.435904 -0.000000 0.899993
-0.435905 0.000000 0.899993
-0.435904 -0.000000 0.899993
-0.643999 0.000000 0.765027
-0.643997 -0.000000 0.765028
-0.643999 -0.000000 0.765026
-0.643999 -0.000000 0.765026
-0.435906 -0.000000 0.899992
-0.435906 -0.000000 0.899992
-0.643999 -0.000000 0.765026
-0.435906 -0.000000 0.899992
0.510535 0.000000 -0.859857
0.510530 0.000000 -0.859860
0.329346 0.000000 -0.944209
0.329346 0.000000 -0.944209
0.510530 0.000000 -0.859860
0.329346 0.000000 -0.944209
0.510545 -0.000000 -0.859851
0.510535 0.000000 -0.859857
0.329346 -0.000000 -0.944209
0.329346 -0.000000 -0.944209
0.510535 0.000000 -0.859857
0.329346 0.000000 -0.944209
0.510570 0.000000 -0.859836
0.510565 0.000000 -0.859839
0.329346 0.000000 -0.944209
0.329346 0.000000 -0.944209
0.510565 0.000000 -0.859839
0.329346 0.000000 -0.944209
-0.967624 0.000000 0.252396
-0.987932 0.000000 0.154889
-0.987932 0.000000 0.154889
-0.987932 0.000000 0.154889
-0.967624 0.000000 0.252396
-0.967624 0.000000 0.252396
-0.967624 0.000000 0.252396
-0.987932 0.000000 0.154890
-0.987932 0.000000 0.154889
-0.987932 0.000000 0.154890
-0.967624 0.000000 0.252396
-0.967624 0.000000 0.252398
-0.987932 -0.000000 0.154888
-0.967624 0.000000 0.252395
-0.967625 -0.000000 0.252393
-0.967624 0.000000 0.252395
-0.987932 -0.000000 0.154888
-0.987932 0.000000 0.154889
0.987590 -0.000000 -0.157051
0.994303 0.000000 -0.106587
0.987590 0.000000 -0.157052
0.994303 0.000000 -0.106587
0.987590 -0.000000 -0.157051
0.994303 -0.000000 -0.106587
0.987590 -0.000000 -0.157051
0.994303 -0.000000 -0.106587
0.994303 -0.000000 -0.106587
0.994303 -0.000000 -0.106587
0.987590 -0.000000 -0.157051
0.987590 -0.000000 -0.157051
0.994304 0.000000 -0.106586
0.994303 -0.000000 -0.106586
0.987591 0.000000 -0.157049
0.987591 -0.000000 -0.157050
0.987591 0.000000 -0.157049
0.994303 -0.000000 -0.106586
-0.987932 0.000000 0.154889
-0.998895 0.000000 0.046987
-0.998895 0.000000 0.046987
-0.998895 0.000000 0.046987
-0.987932 0.000000 0.154889
-0.987932 0.000000 0.154889
-0.987932 0.000000 0.154889
-0.998896 0.000000 0.046987
-0.998895 0.000000 0.046987
-0.998896 0.000000 0.046987
-0.987932 0.000000 0.154889
-0.987932 0.000000 0.154890
-0.998896 -0.000000 0.046987
-0.987932 0.000000 0.154889
-0.987932 -0.000000 0.154888
-0.987932 0.000000 0.154889
-0.998896 -0.000000 0.046987
-0.998896 0.000000 0.046987
0.994303 -0.000000 -0.106587
0.998896 0.000000 -0.046987
0.994303 0.000000 -0.106587
0.998896 0.000000 -0.046987
0.994303 -0.000000 -0.106587
0.998896 -0.000000 -0.046987
0.994303 -0.000000 -0.106587
0.998896 -0.000000 -0.046987
0.994303 -0.000000 -0.106587
0.998896 -0.000000 -0.046987
0.994303 -0.000000 -0.106587
0.998896 -0.000000 -0.046987
0.998895 0.000000 -0.046987
0.998896 -0.000000 -0.046987
0.994304 0.000000 -0.106586
0.994303 -0.000000 -0.106586
0.994304 0.000000 -0.106586
0.998896 -0.000000 -0.046987
-0.998895 0.000000 0.046987
-0.999797 0.000000 0.020155
-0.998895 0.000000 0.046987
-0.999797 0.000000 0.020155
-0.998895 0.000000 0.046987
-0.999797 0.000000 0.020155
-0.998895 0.000000 0.046987
-0.999797 0.000000 0.020155
-0.999797 0.000000 0.020155
-0.999797 0.000000 0.020155
-0.998895 0.000000 0.046987
-0.998896 0.000000 0.046987
-0.998896 0.000000 0.046987
-0.998896 -0.000000 0.046987
-0.999797 0.000000 0.020155
-0.998896 -0.000000 0.046987
-0.999797 -0.000000 0.020155
-0.999797 0.000000 0.020155
0.998896 0.000000 -0.046987
0.999797 -0.000000 -0.020155
0.999797 0.000000 -0.020155
0.999797 -0.000000 -0.020155
0.998896 0.000000 -0.046987
0.998896 -0.000000 -0.046987
0.998896 -0.000000 -0.046987
0.999797 -0.000000 -0.020155
0.998896 -0.000000 -0.046987
0.999797 -0.000000 -0.020155
0.998896 -0.000000 -0.046987
0.999797 -0.000000 -0.020155
0.998896 -0.000000 -0.046987
0.999797 0.000000 -0.020155
0.999797 -0.000000 -0.020155
0.999797 0.000000 -0.020155
0.998896 -0.000000 -0.046987
0.998895 0.000000 -0.046987
-0.999797 0.000000 0.020155
-0.999999 0.000000 0.000990
-0.999797 0.000000 0.020155
-0.999999 0.000000 0.000990
-0.999797 0.000000 0.020155
-1.000000 0.000000 0.000776
-0.999797 0.000000 0.020155
-1.000000 0.000000 0.000776
-1.000000 0.000000 0.000776
-1.000000 0.000000 0.000776
-0.999797 0.000000 0.020155
-0.999797 0.000000 0.020155
-0.999797 0.000000 0.020155
-0.999797 -0.000000 0.020155
-1.000000 0.000000 0.000776
-0.999797 -0.000000 0.020155
-1.000000 0.000000 0.000976
-1.000000 0.000000 0.000776
0.999797 0.000000 -0.020155
1.000000 -0.000000 -0.000776
1.000000 0.000000 -0.000976
1.000000 -0.000000 -0.000776
0.999797 0.000000 -0.020155
0.999797 -0.000000 -0.020155
0.999797 -0.000000 -0.020155
1.000000 -0.000000 -0.000776
0.999797 -0.000000 -0.020155
1.000000 -0.000000 -0.000776
0.999797 -0.000000 -0.020155
1.000000 -0.000000 -0.000776
0.999797 -0.000000 -0.020155
0.999999 0.000000 -0.000989
1.000000 -0.000000 -0.000776
0.999999 0.000000 -0.000989
0.999797 -0.000000 -0.020155
0.999797 0.000000 -0.020155
-1.000000 0.000000 -0.000563
-1.000000 0.000000 -0.000593
-1.000000 0.000000 -0.000497
-1.000000 0.000000 -0.000563
-1.000000 0.000000 -0.000497
-1.000000 0.000000 -0.000497
-1.000000 0.000000 -0.000563
-1.000000 0.000000 -0.000563
-1.000000 0.000000 -0.000497
-1.000000 0.000000 -0.000563
-1.000000 0.000000 -0.000497
-1.000000 0.000000 -0.000498
-1.000000 0.000000 -0.000592
-1.000000 0.000000 -0.000563
-1.000000 0.000000 -0.000498
-1.000000 0.000000 -0.000498
-1.000000 0.000000 -0.000563
-1.000000 0.000000 -0.000498
1.000000 -0.000000 0.000564
1.000000 0.000000 0.000593
1.000000 0.000000 0.000498
1.000000 -0.000000 0.000564
1.000000 0.000000 0.000498
1.000000 -0.000000 0.000498
1.000000 -0.000000 0.000498
1.000000 -0.000000 0.000564
1.000000 -0.000000 0.000564
1.000000 -0.000000 0.000564
1.000000 -0.000000 0.000498
1.000000 -0.000000 0.000498
1.000000 0.000000 0.000593
1.000000 -0.000000 0.000564
1.000000 0.000000 0.000498
1.000000 0.000000 0.000498
1.000000 -0.000000 0.000564
1.000000 -0.000000 0.000499
-1.000000 0.000000 0.000776
-1.000000 0.000000 0.000976
-1.000000 0.000000 -0.000593
-1.000000 0.000000 0.000776
-1.000000 0.000000 -0.000593
-1.000000 0.000000 -0.000563
-1.000000 0.000000 0.000776
-1.000000 0.000000 0.000776
-1.000000 0.000000 -0.000563
-1.000000 0.000000 0.000776
-1.000000 0.000000 -0.000563
-1.000000 0.000000 -0.000563
-0.999999 0.000000 0.000990
-1.000000 0.000000 0.000776
-1.000000 0.000000 -0.000592
-1.000000 0.000000 -0.000592
-1.000000 0.000000 0.000776
-1.000000 0.000000 -0.000563
1.000000 -0.000000 -0.000776
0.999999 0.000000 -0.000989
1.000000 0.000000 0.000593
1.000000 -0.000000 -0.000776
1.000000 0.000000 0.000593
1.000000 -0.000000 0.000564
1.000000 -0.000000 -0.000776
1.000000 -0.000000 -0.000776
1.000000 -0.000000 0.000564
1.000000 -0.000000 -0.000776
1.000000 -0.000000 0.000564
1.000000 -0.000000 0.000564
1.000000 0.000000 -0.000976
1.000000 -0.000000 -0.000776
1.000000 0.000000 0.000593
1.000000 0.000000 0.000593
1.000000 -0.000000 -0.000776
1.000000 -0.000000 0.000564
0.000000 0.000000 -1.000000
0.000000 0.000000 -1.000000
0.000000 0.000000 -1.000000
0.000000 0.000000 -1.000000
0.000000 0.000000 -1.000000
0.000000 0.000000 -1.000000
0.000000 0.000000 -1.000000
0.000000 0.000000 -1.000000
0.000000 0.000000 -1.000000
0.000000 0.000000 -1.000000
0.000000 0.000000 -1.000000
0.000000 0.000000 -1.000000
0.000000 0.000000 -1.000000
0.000000 0.000000 -1.000000
0.000000 0.000000 -1.000000
0.000000 0.000000 -1.000000
0.000000 0.000000 -1.000000
0.000000 0.000000 -1.000000
-1.000000 0.000000 -0.000000
-1.000000 0.000000 -0.000000
-1.000000 0.000000 -0.000000
-1.000000 0.000000 -0.000000
-1.000000 0.000000 -0.000000
-1.000000 0.000000 -0.000000
-1.000000 0.000000 -0.000000
-1.000000 0.000000 -0.000000
-1.000000 0.000000 -0.000000
-1.000000 0.000000 -0.000000
-1.000000 0.000000 -0.000000
-1.000000 0.000000 -0.000000
-1.000000 0.000000 -0.000000
-1.000000 0.000000 -0.000000
-1.000000 0.000000 -0.000000
-1.000000 0.000000 -0.000000
-1.000000 0.000000 -0.000000
-1.000000 0.000000 -0.000000
-0.435900 0.000000 -0.899995
-0.435900 0.000000 -0.899995
-0.101010 0.000000 -0.994885
-0.101010 0.000000 -0.994885
-0.435900 0.000000 -0.899995
-0.101010 0.000000 -0.994885
-0.435900 0.000000 -0.899995
-0.435900 0.000000 -0.899995
-0.101010 0.000000 -0.994885
-0.101010 0.000000 -0.994885
-0.435900 0.000000 -0.899995
-0.101010 0.000000 -0.994885
-0.435905 0.000000 -0.899993
-0.435907 0.000000 -0.899992
-0.101010 0.000000 -0.994885
-0.101010 0.000000 -0.994885
-0.435907 0.000000 -0.899992
-0.101010 0.000000 -0.994885
0.329346 -0.000000 0.944209
0.329346 -0.000000 0.944209
0.135053 -0.000000 0.990838
0.135053 -0.000000 0.990838
0.329346 -0.000000 0.944209
0.135053 -0.000000 0.990838
0.329346 -0.000000 0.944209
0.329346 -0.000000 0.944209
0.135053 -0.000000 0.990838
0.135053 -0.000000 0.990838
0.329346 -0.000000 0.944209
0.135053 -0.000000 0.990838
0.329346 -0.000000 0.944209
0.329346 -0.000000 0.944209
0.134984 -0.000000 0.990848
0.134984 -0.000000 0.990848
0.329346 -0.000000 0.944209
0.134962 -0.000000 0.990851
-0.643996 0.000000 -0.765029
-0.435900 0.000000 -0.899995
-0.643996 0.000000 -0.765029
-0.435900 0.000000 -0.899995
-0.643996 0.000000 -0.765029
-0.435900 0.000000 -0.899995
-0.643996 0.000000 -0.765029
-0.643996 0.000000 -0.765029
-0.435900 0.000000 -0.899995
-0.435900 0.000000 -0.899995
-0.643996 0.000000 -0.765029
-0.435900 0.000000 -0.899995
-0.644005 0.000000 -0.765022
-0.644008 0.000000 -0.765019
-0.435905 0.000000 -0.899993
-0.435905 0.000000 -0.899993
-0.644008 0.000000 -0.765019
-0.435907 0.000000 -0.899992
0.510490 -0.000000 0.859883
0.329346 -0.000000 0.944209
0.510490 -0.000000 0.859884
0.329346 -0.000000 0.944209
0.510490 -0.000000 0.859883
0.329346 -0.000000 0.944209
0.510490 -0.000000 0.859883
0.329346 -0.000000 0.944209
0.329346 -0.000000 0.944209
0.329346 -0.000000 0.944209
0.510490 -0.000000 0.859883
0.510490 -0.000000 0.859884
0.510550 -0.000000 0.859848
0.510570 -0.000000 0.859836
0.329346 -0.000000 0.944209
0.329346 -0.000000 0.944209
0.510570 -0.000000 0.859836
0.329346 -0.000000 0.944209
-0.988408 0.000000 -0.151823
-0.967624 0.000000 -0.252396
-0.967624 0.000000 -0.252398
-0.967624 0.000000 -0.252396
-0.988408 0.000000 -0.151823
-0.988408 0.000000 -0.151823
-0.988408 0.000000 -0.151821
-0.967624 0.000000 -0.252396
-0.988408 0.000000 -0.151823
-0.967624 0.000000 -0.252396
-0.988408 0.000000 -0.151821
-0.967625 0.000000 -0.252393
-0.967624 0.000000 -0.252398
-0.988408 0.000000 -0.151823
-0.988408 0.000000 -0.151823
-0.988408 0.000000 -0.151823
-0.967624 0.000000 -0.252398
-0.967624 0.000000 -0.252397
0.994630 -0.000000 0.103499
0.987591 -0.000000 0.157048
0.994630 -0.000000 0.103499
0.987591 -0.000000 0.157048
0.994630 -0.000000 0.103499
0.987591 -0.000000 0.157048
0.994630 -0.000000 0.103499
0.987591 -0.000000 0.157048
0.994630 -0.000000 0.103499
0.987591 -0.000000 0.157048
0.994630 -0.000000 0.103499
0.987591 -0.000000 0.157048
0.987591 -0.000000 0.157048
0.987591 -0.000000 0.157048
0.994630 -0.000000 0.103499
0.994630 -0.000000 0.103499
0.994630 -0.000000 0.103499
0.987591 -0.000000 0.157048
-0.999646 0.000000 -0.026591
-0.988408 0.000000 -0.151823
-0.988408 0.000000 -0.151823
-0.988408 0.000000 -0.151823
-0.999646 0.000000 -0.026591
-0.999646 0.000000 -0.026591
-0.999646 0.000000 -0.026591
-0.988408 0.000000 -0.151823
-0.999646 0.000000 -0.026591
-0.988408 0.000000 -0.151823
-0.999646 0.000000 -0.026591
-0.988408 0.000000 -0.151821
-0.988408 0.000000 -0.151823
-0.999646 0.000000 -0.026591
-0.999646 0.000000 -0.026591
-0.999646 0.000000 -0.026591
-0.988408 0.000000 -0.151823
-0.988408 0.000000 -0.151823
0.999646 -0.000000 0.026591
0.994630 -0.000000 0.103499
0.999646 -0.000000 0.026591
0.994630 -0.000000 0.103499
0.999646 -0.000000 0.026591
0.994630 -0.000000 0.103499
0.999646 -0.000000 0.026591
0.994630 -0.000000 0.103499
0.994630 -0.000000 0.103499
0.994630 -0.000000 0.103499
0.999646 -0.000000 0.026591
0.999646 -0.000000 0.026591
0.994630 -0.000000 0.103499
0.994630 -0.000000 0.103499
0.999646 -0.000000 0.026591
0.999646 -0.000000 0.026591
0.999646 -0.000000 0.026591
0.994630 -0.000000 0.103499
-0.999999 0.000000 -0.001510
-0.999646 0.000000 -0.026591
-0.999646 0.000000 -0.026591
-0.999646 0.000000 -0.026591
-0.999999 0.000000 -0.001510
-0.999999 0.000000 -0.001510
-0.999999 0.000000 -0.001510
-0.999646 0.000000 -0.026591
-0.999999 0.000000 -0.001510
-0.999646 0.000000 -0.026591
-0.999999 0.000000 -0.001510
-0.999646 0.000000 -0.026591
-0.999999 0.000000 -0.001510
-0.999646 0.000000 -0.026591
-0.999646 0.000000 -0.026591
-0.999646 0.000000 -0.026591
-0.999999 0.000000 -0.001510
-0.999999 0.000000 -0.001510
0.999999 -0.000000 0.001510
0.999646 -0.000000 0.026591
0.999999 -0.000000 0.001510
0.999646 -0.000000 0.026591
0.999999 -0.000000 0.001510
0.999646 -0.000000 0.026591
0.999999 -0.000000 0.001510
0.999646 -0.000000 0.026591
0.999646 -0.000000 0.026591
0.999646 -0.000000 0.026591
0.999999 -0.000000 0.001510
0.999999 -0.000000 0.001510
0.999999 -0.000000 0.001510
0.999999 -0.000000 0.001510
0.999646 -0.000000 0.026591
0.999999 -0.000000 0.001510
0.999646 -0.000000 0.026591
0.999646 -0.000000 0.026591
-1.000000 0.000000 0.000554
-0.999999 0.000000 -0.001510
-0.999999 0.000000 -0.001510
-0.999999 0.000000 -0.001510
-1.000000 0.000000 0.000554
-1.000000 0.000000 0.000564
-1.000000 0.000000 0.000564
-0.999999 0.000000 -0.001510
-1.000000 0.000000 0.000564
-0.999999 0.000000 -0.001510
-1.000000 0.000000 0.000564
-0.999999 0.000000 -0.001510
-1.000000 0.000000 0.000563
-0.999999 0.000000 -0.001510
-0.999999 0.000000 -0.001510
-0.999999 0.000000 -0.001510
-1.000000 0.000000 0.000563
-1.000000 0.000000 0.000554
1.000000 -0.000000 -0.000563
0.999999 -0.000000 0.001510
1.000000 0.000000 -0.000554
0.999999 -0.000000 0.001510
1.000000 -0.000000 -0.000563
0.999999 -0.000000 0.001510
1.000000 -0.000000 -0.000563
0.999999 -0.000000 0.001510
0.999999 -0.000000 0.001510
0.999999 -0.000000 0.001510
1.000000 -0.000000 -0.000563
1.000000 -0.000000 -0.000563
1.000000 -0.000000 -0.000563
1.000000 0.000000 -0.000554
0.999999 -0.000000 0.001510
1.000000 0.000000 -0.000554
0.999999 -0.000000 0.001510
0.999999 -0.000000 0.001510
-1.000000 0.000000 0.000594
-1.000000 0.000000 0.000564
-1.000000 0.000000 0.000500
-1.000000 0.000000 0.000500
-1.000000 0.000000 0.000500
-1.000000 0.000000 0.000564
-1.000000 0.000000 0.000564
-1.000000 0.000000 0.000564
-1.000000 0.000000 0.000500
-1.000000 0.000000 0.000499
-1.000000 0.000000 0.000500
-1.000000 0.000000 0.000564
-1.000000 0.000000 0.000497
-1.000000 0.000000 0.000497
-1.000000 0.000000 0.000563
-1.000000 0.000000 0.000563
-1.000000 0.000000 0.000594
-1.000000 0.000000 0.000497
1.000000 0.000000 -0.000593
1.000000 -0.000000 -0.000564
1.000000 0.000000 -0.000498
1.000000 -0.000000 -0.000498
1.000000 0.000000 -0.000498
1.000000 -0.000000 -0.000564
1.000000 -0.000000 -0.000564
1.000000 -0.000000 -0.000564
1.000000 -0.000000 -0.000498
1.000000 -0.000000 -0.000498
1.000000 -0.000000 -0.000498
1.000000 -0.000000 -0.000564
1.000000 0.000000 -0.000498
1.000000 -0.000000 -0.000499
1.000000 -0.000000 -0.000564
1.000000 -0.000000 -0.000564
1.000000 0.000000 -0.000593
1.000000 0.000000 -0.000498
-1.000000 0.000000 0.000554
-1.000000 0.000000 0.000563
-1.000000 0.000000 0.000594
-1.000000 0.000000 0.000564
-1.000000 0.000000 0.000594
-1.000000 0.000000 0.000563
-1.000000 0.000000 0.000563
-1.000000 0.000000 0.000563
-1.000000 0.000000 0.000564
-1.000000 0.000000 0.000564
-1.000000 0.000000 0.000564
-1.000000 0.000000 0.000563
-1.000000 0.000000 0.000594
-1.000000 0.000000 0.000563
-1.000000 0.000000 0.000564
-1.000000 0.000000 0.000564
-1.000000 0.000000 0.000554
-1.000000 0.000000 0.000594
1.000000 0.000000 -0.000554
1.000000 -0.000000 -0.000563
1.000000 0.000000 -0.000593
1.000000 -0.000000 -0.000564
1.000000 0.000000 -0.000593
1.000000 -0.000000 -0.000563
1.000000 -0.000000 -0.000563
1.000000 -0.000000 -0.000563
1.000000 -0.000000 -0.000564
1.000000 -0.000000 -0.000564
1.000000 -0.000000 -0.000564
1.000000 -0.000000 -0.000563
1.000000 0.000000 -0.000593
1.000000 -0.000000 -0.000564
1.000000 -0.000000 -0.000563
1.000000 -0.000000 -0.000563
1.000000 0.000000 -0.000554
1.000000 0.000000 -0.000593
0.000000 0.000000 1.000000
0.000000 0.000000 1.000000
0.000000 0.000000 1.000000
0.000000 0.000000 1.000000
0.000000 0.000000 1.000000
0.000000 0.000000 1.000000
0.000000 0.000000 1.000000
0.000000 0.000000 1.000000
0.000000 0.000000 1.000000
0.000000 0.000000 1.000000
0.000000 0.000000 1.000000
0.000000 0.000000 1.000000
0.000000 -0.000000 1.000000
0.000000 0.000000 1.000000
0.000000 -0.000000 1.000000
0.000000 -0.000000 1.000000
0.000000 0.000000 1.000000
0.000000 0.000000 1.000000
0.000000 0.000000 -1.000000
0.000000 0.000000 -1.000000
0.000000 0.000000 -1.000000
0.000000 0.000000 -1.000000
0.000000 0.000000 -1.000000
0.000000 0.000000 -1.000000
0.000000 0.000000 -1.000000
0.000000 0.000000 -1.000000
0.000000 -0.000000 -1.000000
0.000000 -0.000000 -1.000000
0.000000 0.000000 -1.000000
0.000000 0.000000 -1.000000
0.000000 0.000000 -1.000000
0.000000 0.000000 -1.000000
0.000000 0.000000 -1.000000
0.000000 0.000000 -1.000000
0.000000 0.000000 -1.000000
0.000000 0.000000 -1.000000
1.000000 -0.000000 0.000000
1.000000 -0.000000 0.000000
1.000000 -0.000000 0.000000
1.000000 -0.000000 0.000000
1.000000 -0.000000 0.000000
1.000000 -0.000000 0.000000
1.000000 -0.000000 0.000000
1.000000 -0.000000 0.000000
1.000000 -0.000000 0.000000
1.000000 -0.000000 0.000000
1.000000 -0.000000 0.000000
1.000000 -0.000000 0.000000
1.000000 -0.000000 0.000000
1.000000 -0.000000 0.000000
1.000000 -0.000000 0.000000
1.000000 -0.000000 0.000000
1.000000 -0.000000 0.000000
1.000000 -0.000000 0.000000
0.101019 0.000000 -0.994885
0.101019 0.000000 -0.994885
0.435907 0.000000 -0.899992
0.435907 0.000000 -0.899992
0.101019 0.000000 -0.994885
0.435908 0.000000 -0.899991
0.101019 0.000000 -0.994885
0.101019 -0.000000 -0.994884
0.435908 0.000000 -0.899991
0.435908 0.000000 -0.899991
0.101019 -0.000000 -0.994884
0.435909 -0.000000 -0.899991
0.101019 0.000000 -0.994884
0.101019 0.000000 -0.994884
0.435909 0.000000 -0.899991
0.435909 0.000000 -0.899991
0.101019 0.000000 -0.994884
0.435909 0.000000 -0.899991
-0.134962 -0.000000 0.990851
-0.134939 -0.000000 0.990854
-0.329346 -0.000000 0.944209
-0.329346 -0.000000 0.944209
-0.134939 -0.000000 0.990854
-0.329335 -0.000000 0.944213
-0.134939 -0.000000 0.990854
-0.134893 -0.000000 0.990860
-0.329335 -0.000000 0.944213
-0.329335 -0.000000 0.944213
-0.134893 -0.000000 0.990860
-0.329314 -0.000000 0.944221
-0.134939 -0.000000 0.990854
-0.134962 -0.000000 0.990851
-0.329335 -0.000000 0.944213
-0.329335 -0.000000 0.944213
-0.134962 -0.000000 0.990851
-0.329346 -0.000000 0.944209
0.435907 0.000000 -0.899992
0.435908 0.000000 -0.899991
0.643996 0.000000 -0.765029
0.643996 0.000000 -0.765029
0.435908 0.000000 -0.899991
0.643997 0.000000 -0.765028
0.435908 0.000000 -0.899991
0.643999 -0.000000 -0.765027
0.643997 0.000000 -0.765028
0.643999 -0.000000 -0.765027
0.435908 0.000000 -0.899991
0.435909 -0.000000 -0.899991
0.435909 0.000000 -0.899991
0.435909 0.000000 -0.899991
0.643999 0.000000 -0.765026
0.643999 0.000000 -0.765026
0.435909 0.000000 -0.899991
0.643999 0.000000 -0.765026
-0.329346 -0.000000 0.944209
-0.329335 -0.000000 0.944213
-0.510570 -0.000000 0.859836
-0.510570 -0.000000 0.859836
-0.329335 -0.000000 0.944213
-0.510570 -0.000000 0.859836
-0.329335 -0.000000 0.944213
-0.510570 -0.000000 0.859836
-0.510570 -0.000000 0.859836
-0.510570 -0.000000 0.859836
-0.329335 -0.000000 0.944213
-0.329314 -0.000000 0.944221
-0.329335 -0.000000 0.944213
-0.329346 -0.000000 0.944209
-0.510570 -0.000000 0.859836
-0.510570 -0.000000 0.859836
-0.329346 -0.000000 0.944209
-0.510570 -0.000000 0.859836
0.967624 0.000000 -0.252398
0.967624 0.000000 -0.252398
0.988408 0.000000 -0.151823
0.988408 0.000000 -0.151823
0.988408 0.000000 -0.151823
0.967624 0.000000 -0.252398
0.967624 0.000000 -0.252398
0.988408 -0.000000 -0.151824
0.988408 0.000000 -0.151823
0.988408 -0.000000 -0.151824
0.967624 0.000000 -0.252398
0.967623 -0.000000 -0.252399
0.988408 0.000000 -0.151823
0.967624 0.000000 -0.252395
0.988408 0.000000 -0.151822
0.967624 0.000000 -0.252395
0.988408 0.000000 -0.151823
0.967624 0.000000 -0.252396
-0.987589 -0.000000 0.157059
-0.994629 0.000000 0.103503
-0.994629 -0.000000 0.103504
-0.994629 0.000000 0.103503
-0.987589 -0.000000 0.157059
-0.987590 0.000000 0.157056
-0.987590 0.000000 0.157056
-0.987591 0.000000 0.157051
-0.994629 0.000000 0.103503
-0.994629 0.000000 0.103500
-0.994629 0.000000 0.103503
-0.987591 0.000000 0.157051
-0.994630 -0.000000 0.103499
-0.987591 0.000000 0.157048
-0.987591 -0.000000 0.157048
-0.987591 0.000000 0.157048
-0.994630 -0.000000 0.103499
-0.994630 0.000000 0.103499
0.988408 0.000000 -0.151823
0.988408 0.000000 -0.151823
0.999646 0.000000 -0.026590
0.999646 0.000000 -0.026590
0.999646 0.000000 -0.026590
0.988408 0.000000 -0.151823
0.988408 0.000000 -0.151823
0.999646 -0.000000 -0.026590
0.999646 0.000000 -0.026590
0.999646 -0.000000 -0.026590
0.988408 0.000000 -0.151823
0.988408 -0.000000 -0.151824
0.999646 0.000000 -0.026590
0.988408 0.000000 -0.151822
0.999646 0.000000 -0.026590
0.988408 0.000000 -0.151822
0.999646 0.000000 -0.026590
0.988408 0.000000 -0.151823
-0.994629 -0.000000 0.103504
-0.999646 0.000000 0.026590
-0.999646 -0.000000 0.026590
-0.999646 0.000000 0.026590
-0.994629 -0.000000 0.103504
-0.994629 0.000000 0.103503
-0.994629 0.000000 0.103503
-0.994629 0.000000 0.103500
-0.999646 0.000000 0.026590
-0.999646 0.000000 0.026590
-0.999646 0.000000 0.026590
-0.994629 0.000000 0.103500
-0.999646 -0.000000 0.026590
-0.994630 0.000000 0.103499
-0.994630 -0.000000 0.103499
-0.994630 0.000000 0.103499
-0.999646 -0.000000 0.026590
-0.999646 0.000000 0.026590
0.999999 -0.000000 -0.001510
0.999999 0.000000 -0.001510
0.999646 0.000000 -0.026590
0.999999 0.000000 -0.001510
0.999646 0.000000 -0.026590
0.999646 0.000000 -0.026590
0.999999 -0.000000 -0.001510
0.999646 0.000000 -0.026590
0.999646 -0.000000 -0.026590
0.999646 0.000000 -0.026590
0.999999 -0.000000 -0.001510
0.999999 -0.000000 -0.001510
0.999999 0.000000 -0.001510
0.999646 0.000000 -0.026590
0.999999 0.000000 -0.001510
0.999646 0.000000 -0.026590
0.999999 0.000000 -0.001510
0.999646 0.000000 -0.026590
-0.999999 0.000000 0.001510
-0.999646 -0.000000 0.026590
-0.999646 0.000000 0.026590
-0.999646 -0.000000 0.026590
-0.999999 0.000000 0.001510
-0.999999 -0.000000 0.001510
-0.999999 0.000000 0.001510
-0.999999 0.000000 0.001510
-0.999646 0.000000 0.026590
-0.999999 0.000000 0.001510
-0.999646 0.000000 0.026590
-0.999646 0.000000 0.026590
-0.999999 -0.000000 0.001510
-0.999646 0.000000 0.026590
-0.999646 -0.000000 0.026590
-0.999646 0.000000 0.026590
-0.999999 -0.000000 0.001510
-0.999999 0.000000 0.001510
1.000000 0.000000 0.000564
1.000000 0.000000 0.000554
0.999999 -0.000000 -0.001510
1.000000 0.000000 0.000554
0.999999 0.000000 -0.001510
0.999999 -0.000000 -0.001510
1.000000 -0.000000 0.000564
0.999999 -0.000000 -0.001510
0.999999 -0.000000 -0.001510
0.999999 -0.000000 -0.001510
1.000000 -0.000000 0.000564
1.000000 0.000000 0.000564
1.000000 0.000000 0.000563
0.999999 0.000000 -0.001510
1.000000 0.000000 0.000554
0.999999 0.000000 -0.001510
1.000000 0.000000 0.000563
0.999999 0.000000 -0.001510
-1.000000 0.000000 -0.000564
-0.999999 -0.000000 0.001510
-0.999999 0.000000 0.001510
-0.999999 -0.000000 0.001510
-1.000000 0.000000 -0.000564
-1.000000 0.000000 -0.000554
-1.000000 0.000000 -0.000564
-1.000000 0.000000 -0.000564
-0.999999 0.000000 0.001510
-1.000000 0.000000 -0.000564
-0.999999 0.000000 0.001510
-0.999999 0.000000 0.001510
-1.000000 0.000000 -0.000554
-0.999999 0.000000 0.001510
-0.999999 -0.000000 0.001510
-0.999999 0.000000 0.001510
-1.000000 0.000000 -0.000554
-1.000000 0.000000 -0.000564
1.000000 0.000000 0.000500
1.000000 -0.000000 0.000500
1.000000 0.000000 0.000564
1.000000 0.000000 0.000564
1.000000 0.000000 0.000593
1.000000 0.000000 0.000500
1.000000 -0.000000 0.000500
1.000000 -0.000000 0.000499
1.000000 -0.000000 0.000564
1.000000 -0.000000 0.000564
1.000000 0.000000 0.000564
1.000000 -0.000000 0.000500
1.000000 0.000000 0.000592
1.000000 0.000000 0.000563
1.000000 0.000000 0.000497
1.000000 -0.000000 0.000497
1.000000 0.000000 0.000497
1.000000 0.000000 0.000563
-1.000000 0.000000 -0.000498
-1.000000 0.000000 -0.000499
-1.000000 0.000000 -0.000564
-1.000000 0.000000 -0.000564
-1.000000 0.000000 -0.000593
-1.000000 0.000000 -0.000498
-1.000000 0.000000 -0.000499
-1.000000 0.000000 -0.000499
-1.000000 0.000000 -0.000564
-1.000000 0.000000 -0.000564
-1.000000 0.000000 -0.000564
-1.000000 0.000000 -0.000499
-1.000000 0.000000 -0.000593
-1.000000 0.000000 -0.000564
-1.000000 0.000000 -0.000498
-1.000000 0.000000 -0.000498
-1.000000 0.000000 -0.000498
-1.000000 0.000000 -0.000564
1.000000 0.000000 0.000593
1.000000 0.000000 0.000564
1.000000 0.000000 0.000563
1.000000 0.000000 0.000563
1.000000 0.000000 0.000554
1.000000 0.000000 0.000593
1.000000 0.000000 0.000564
1.000000 -0.000000 0.000564
1.000000 -0.000000 0.000563
1.000000 0.000000 0.000564
1.000000 -0.000000 0.000563
1.000000 0.000000 0.000563
1.000000 0.000000 0.000554
1.000000 0.000000 0.000564
1.000000 0.000000 0.000592
1.000000 0.000000 0.000563
1.000000 0.000000 0.000592
1.000000 0.000000 0.000564
-1.000000 0.000000 -0.000593
-1.000000 0.000000 -0.000564
-1.000000 0.000000 -0.000564
-1.000000 0.000000 -0.000564
-1.000000 0.000000 -0.000554
-1.000000 0.000000 -0.000593
-1.000000 0.000000 -0.000564
-1.000000 0.000000 -0.000564
-1.000000 0.000000 -0.000564
-1.000000 0.000000 -0.000564
-1.000000 0.000000 -0.000564
-1.000000 0.000000 -0.000564
-1.000000 0.000000 -0.000554
-1.000000 0.000000 -0.000564
-1.000000 0.000000 -0.000593
-1.000000 0.000000 -0.000564
-1.000000 0.000000 -0.000593
-1.000000 0.000000 -0.000564
0.000000 0.000000 1.000000
0.000000 0.000000 1.000000
0.000000 0.000000 1.000000
0.000000 0.000000 1.000000
0.000000 0.000000 1.000000
0.000000 0.000000 1.000000
0.000000 0.000000 1.000000
0.000000 0.000000 1.000000
0.000000 0.000000 1.000000
0.000000 0.000000 1.000000
0.000000 0.000000 1.000000
0.000000 0.000000 1.000000
0.000000 -0.000000 1.000000
0.000000 0.000000 1.000000
0.000000 -0.000000 1.000000
0.000000 -0.000000 1.000000
0.000000 0.000000 1.000000
0.000000 0.000000 1.000000
-0.000000 -0.000000 1.000000
0.101015 -0.000000 0.994885
0.101015 -0.000000 0.994885
0.101015 -0.000000 0.994885
-0.000000 -0.000000 1.000000
0.000000 -0.000000 1.000000
0.101014 -0.000000 0.994885
0.000000 -0.000000 1.000000
0.000000 -0.000000 1.000000
0.000000 -0.000000 1.000000
0.101014 -0.000000 0.994885
0.101015 -0.000000 0.994885
-0.000000 -0.000000 1.000000
0.101014 -0.000000 0.994885
0.000000 -0.000000 1.000000
0.101014 -0.000000 0.994885
-0.000000 -0.000000 1.000000
0.101013 -0.000000 0.994885
-0.000000 -0.000000 1.000000
-0.000000 -0.000000 1.000000
-0.000000 -0.000000 1.000000
-0.000000 -0.000000 1.000000
-0.000000 -0.000000 1.000000
0.000000 -0.000000 1.000000
-0.000000 -0.000000 1.000000
-0.000000 -0.000000 1.000000
-0.000000 -0.000000 1.000000
-0.000000 -0.000000 1.000000
-0.000000 -0.000000 1.000000
-0.000000 -0.000000 1.000000
-0.000000 -0.000000 1.000000
-0.000000 -0.000000 1.000000
0.000000 -0.000000 1.000000
-0.000000 -0.000000 1.000000
-0.000000 -0.000000 1.000000
-0.000000 -0.000000 1.000000
-0.000000 -0.000000 1.000000
-0.101014 -0.000000 0.994885
-0.101014 -0.000000 0.994885
-0.101014 -0.000000 0.994885
-0.000000 -0.000000 1.000000
0.000000 -0.000000 1.000000
-0.101014 -0.000000 0.994885
0.000000 -0.000000 1.000000
0.000000 -0.000000 1.000000
0.000000 -0.000000 1.000000
-0.101014 -0.000000 0.994885
-0.101014 -0.000000 0.994885
-0.101014 -0.000000 0.994885
-0.101014 -0.000000 0.994885
-0.000000 -0.000000 1.000000
0.000000 -0.000000 1.000000
-0.000000 -0.000000 1.000000
-0.101014 -0.000000 0.994885
-0.101010 0.000000 -0.994885
0.000000 0.000000 -1.000000
0.000000 0.000000 -1.000000
0.000000 0.000000 -1.000000
-0.101010 0.000000 -0.994885
-0.101010 0.000000 -0.994885
-0.101010 -0.000000 -0.994885
0.000000 0.000000 -1.000000
0.000000 -0.000000 -1.000000
0.000000 0.000000 -1.000000
-0.101010 -0.000000 -0.994885
-0.101010 0.000000 -0.994885
-0.101010 0.000000 -0.994885
0.000000 0.000000 -1.000000
0.000000 0.000000 -1.000000
0.000000 0.000000 -1.000000
-0.101010 0.000000 -0.994885
-0.101010 0.000000 -0.994885
0.000000 0.000000 -1.000000
0.000000 0.000000 -1.000000
0.000000 0.000000 -1.000000
0.000000 0.000000 -1.000000
0.000000 0.000000 -1.000000
0.000000 0.000000 -1.000000
0.000000 -0.000000 -1.000000
0.000000 0.000000 -1.000000
0.000000 -0.000000 -1.000000
0.000000 -0.000000 -1.000000
0.000000 0.000000 -1.000000
0.000000 0.000000 -1.000000
0.000000 0.000000 -1.000000
0.000000 0.000000 -1.000000
0.000000 0.000000 -1.000000
0.000000 0.000000 -1.000000
0.000000 0.000000 -1.000000
0.000000 0.000000 -1.000000
0.000000 0.000000 -1.000000
0.101019 0.000000 -0.994885
0.101019 0.000000 -0.994885
0.101019 0.000000 -0.994885
0.000000 0.000000 -1.000000
0.000000 0.000000 -1.000000
0.000000 0.000000 -1.000000
0.101019 -0.000000 -0.994884
0.101019 0.000000 -0.994885
0.101019 -0.000000 -0.994884
0.000000 0.000000 -1.000000
0.000000 -0.000000 -1.000000
0.000000 0.000000 -1.000000
0.101019 0.000000 -0.994884
0.101019 0.000000 -0.994884
0.101019 0.000000 -0.994884
0.000000 0.000000 -1.000000
0.000000 0.000000 -1.000000
-0.000000 -0.000000 1.000000
-0.000000 -0.000000 1.000000
-0.000000 -0.000000 1.000000
-0.000000 -0.000000 1.000000
-0.000000 -0.000000 1.000000
-0.000000 -0.000000 1.000000
-0.000000 -1.000000 -0.000000
0.000000 -1.000000 -0.000000
0.000000 -1.000000 0.000000
0.000000 -1.000000 -0.000000
-0.000000 -1.000000 -0.000000
-0.000000 -1.000000 -0.000000
0.000000 1.000000 -0.000000
-0.000000 1.000000 0.000000
0.000000 1.000000 0.000000
-0.000000 1.000000 0.000000
0.000000 1.000000 -0.000000
0.000000 1.000000 0.000000
0.000000 0.000000 -1.000000
0.000000 0.000000 -1.000000
0.000000 0.000000 -1.000000
0.000000 0.000000 -1.000000
0.000000 0.000000 -1.000000
0.000000 0.000000 -1.000000
0.000000 1.000000 0.000000
0.000000 1.000000 0.000000
-0.000000 1.000000 0.000000
-0.000000 1.000000 0.000000
0.000000 1.000000 0.000000
-0.000000 1.000000 0.000000
0.000000 -1.000000 -0.000000
-0.000000 -1.000000 -0.000000
-0.000000 -1.000000 -0.000000
-0.000000 -1.000000 -0.000000
0.000000 -1.000000 -0.000000
0.000000 -1.000000 0.000000
-0.000000 1.000000 0.000000
0.000000 1.000000 -0.000000
0.000000 1.000000 0.000000
0.000000 1.000000 -0.000000
-0.000000 1.000000 0.000000
0.000000 1.000000 0.000000
-0.000000 -1.000000 -0.000000
0.000000 -1.000000 -0.000000
0.000000 -1.000000 -0.000000
0.000000 -1.000000 -0.000000
-0.000000 -1.000000 -0.000000
-0.000000 -1.000000 -0.000000
-0.000000 -0.000000 1.000000
-0.000000 -0.000000 1.000000
-0.000000 -0.000000 1.000000
-0.000000 -0.000000 1.000000
-0.000000 -0.000000 1.000000
-0.000000 -0.000000 1.000000
-0.000000 -0.000000 1.000000
-0.000000 -0.000000 1.000000
-0.000000 -0.000000 1.000000
-0.000000 -0.000000 1.000000
-0.000000 -0.000000 1.000000
-0.000000 -0.000000 1.000000
-0.000000 -0.000000 1.000000
-0.000000 -0.000000 1.000000
-0.000000 -0.000000 1.000000
-0.000000 -0.000000 1.000000
-0.000000 -0.000000 1.000000
-0.000000 -0.000000 1.000000
0.000000 0.000000 -1.000000
0.000000 -0.000000 -1.000000
0.000000 0.000000 -1.000000
0.000000 0.000000 -1.000000
0.000000 -0.000000 -1.000000
0.000000 -0.000000 -1.000000
0.000000 0.000000 -1.000000
0.000000 0.000000 -1.000000
0.000000 -0.000000 -1.000000
0.000000 0.000000 -1.000000
0.000000 0.000000 -1.000000
0.000000 0.000000 -1.000000
0.000000 0.000000 -1.000000
0.000000 0.000000 -1.000000
0.000000 0.000000 -1.000000
0.000000 0.000000 -1.000000
0.000000 0.000000 -1.000000
0.000000 0.000000 -1.000000
-0.000000 -0.000000 1.000000
-0.000000 -0.000000 1.000000
-0.000000 -0.000000 1.000000
-0.000000 -0.000000 1.000000
-0.000000 -0.000000 1.000000
-0.000000 -0.000000 1.000000
0.000000 -1.000000 0.000000
-0.000000 -1.000000 -0.000000
-0.000000 -1.000000 -0.000000
-0.000000 -1.000000 -0.000000
0.000000 -1.000000 0.000000
0.000000 -1.000000 -0.000000
0.000000 1.000000 0.000000
0.000000 1.000000 0.000000
0.000000 1.000000 -0.000000
0.000000 1.000000 0.000000
0.000000 1.000000 0.000000
-0.000000 1.000000 0.000000
0.000000 0.000000 -1.000000
0.000000 0.000000 -1.000000
0.000000 0.000000 -1.000000
0.000000 0.000000 -1.000000
0.000000 0.000000 -1.000000
0.000000 0.000000 -1.000000
-0.000000 1.000000 0.000000
0.000000 1.000000 0.000000
0.000000 1.000000 0.000000
0.000000 1.000000 0.000000
-0.000000 1.000000 0.000000
-0.000000 1.000000 0.000000
-0.000000 -1.000000 -0.000000
0.000000 -1.000000 0.000000
0.000000 -1.000000 -0.000000
0.000000 -1.000000 0.000000
-0.000000 -1.000000 -0.000000
-0.000000 -1.000000 -0.000000
0.000000 1.000000 0.000000
0.000000 1.000000 0.000000
-0.000000 1.000000 0.000000
0.000000 1.000000 0.000000
0.000000 1.000000 0.000000
0.000000 1.000000 -0.000000
0.000000 -1.000000 -0.000000
0.000000 -1.000000 -0.000000
-0.000000 -1.000000 -0.000000
-0.000000 -1.000000 -0.000000
0.000000 -1.000000 -0.000000
-0.000000 -1.000000 -0.000000
-0.000000 -0.000000 1.000000
-0.000000 -0.000000 1.000000
-0.000000 -0.000000 1.000000
-0.000000 -0.000000 1.000000
-0.000000 -0.000000 1.000000
-0.000000 -0.000000 1.000000
-0.000000 -0.000000 1.000000
-0.000000 -0.000000 1.000000
-0.000000 -0.000000 1.000000
-0.000000 -0.000000 1.000000
-0.000000 -0.000000 1.000000
-0.000000 -0.000000 1.000000
-0.000000 -0.000000 1.000000
-0.000000 -0.000000 1.000000
-0.000000 -0.000000 1.000000
-0.000000 -0.000000 1.000000
-0.000000 -0.000000 1.000000
-0.000000 -0.000000 1.000000
0.000000 0.000000 -1.000000
0.000000 -0.000000 -1.000000
0.000000 0.000000 -1.000000
0.000000 -0.000000 -1.000000
0.000000 0.000000 -1.000000
0.000000 0.000000 -1.000000
0.000000 0.000000 -1.000000
0.000000 -0.000000 -1.000000
0.000000 -0.000000 -1.000000
0.000000 -0.000000 -1.000000
0.000000 0.000000 -1.000000
0.000000 0.000000 -1.000000
0.000000 0.000000 -1.000000
0.000000 0.000000 -1.000000
0.000000 0.000000 -1.000000
0.000000 0.000000 -1.000000
0.000000 0.000000 -1.000000
0.000000 0.000000 -1.000000
-1.000000 0.000000 0.000000
-1.000000 0.000000 0.000000
-1.000000 0.000000 0.000000
-1.000000 0.000000 0.000000
-1.000000 0.000000 0.000000
-1.000000 0.000000 0.000000
-1.000000 0.000000 0.000000
-1.000000 0.000000 0.000000
-1.000000 0.000000 0.000000
-1.000000 0.000000 0.000000
-1.000000 0.000000 0.000000
-1.000000 0.000000 0.000000
-0.100650 -0.994922 0.000000
-0.157245 -0.987560 0.000000
-0.157245 -0.987560 0.000000
-0.157245 -0.987560 0.000000
-0.100650 -0.994922 0.000000
-0.100650 -0.994922 0.000000
-0.000000 -1.000000 0.000000
-0.100650 -0.994922 0.000000
-0.100650 -0.994922 0.000000
-0.100650 -0.994922 0.000000
-0.000000 -1.000000 0.000000
-0.000000 -1.000000 0.000000
0.100650 -0.994922 0.000000
-0.000000 -1.000000 0.000000
-0.000000 -1.000000 0.000000
-0.000000 -1.000000 0.000000
0.100650 -0.994922 0.000000
0.100650 -0.994922 0.000000
0.157245 -0.987560 0.000000
0.100650 -0.994922 0.000000
0.100650 -0.994922 0.000000
0.100650 -0.994922 0.000000
0.157245 -0.987560 0.000000
0.157245 -0.987560 0.000000
1.000000 0.000000 0.000000
1.000000 0.000000 0.000000
1.000000 0.000000 0.000000
1.000000 0.000000 0.000000
1.000000 0.000000 0.000000
1.000000 0.000000 0.000000
1.000000 0.000000 0.000000
1.000000 0.000000 0.000000
1.000000 0.000000 0.000000
1.000000 0.000000 0.000000
1.000000 0.000000 0.000000
1.000000 0.000000 0.000000
0.157245 0.987560 0.000000
0.100650 0.994922 0.000000
0.100650 0.994922 0.000000
0.157245 0.987560 0.000000
0.100650 0.994922 0.000000
0.157245 0.987560 0.000000
0.000000 1.000000 0.000000
0.100650 0.994922 0.000000
0.100650 0.994922 0.000000
0.100650 0.994922 0.000000
0.000000 1.000000 0.000000
0.000000 1.000000 0.000000
0.000000 1.000000 0.000000
-0.100650 0.994922 0.000000
-0.100650 0.994922 0.000000
0.000000 1.000000 0.000000
-0.100650 0.994922 0.000000
0.000000 1.000000 0.000000
-0.100650 0.994922 0.000000
-0.157245 0.987560 0.000000
-0.157245 0.987560 0.000000
-0.100650 0.994922 0.000000
-0.157245 0.987560 0.000000
-0.100650 0.994922 0.000000
0.435904 -0.000000 0.899993
0.101014 -0.000000 0.994885
0.435904 -0.000000 0.899993
0.101014 -0.000000 0.994885
0.101014 -0.000000 0.994885
0.435904 -0.000000 0.899993
-0.329346 0.000000 -0.944209
-0.329343 0.000000 -0.944210
-0.134984 0.000000 -0.990848
-0.134984 0.000000 -0.990848
-0.134984 0.000000 -0.990848
-0.329346 0.000000 -0.944209
0.643997 -0.000000 0.765028
0.435904 -0.000000 0.899993
0.643996 -0.000000 0.765029
0.435904 -0.000000 0.899993
0.643997 -0.000000 0.765028
0.435904 -0.000000 0.899993
-0.510550 0.000000 -0.859848
-0.510545 0.000000 -0.859851
-0.329343 0.000000 -0.944210
-0.329343 0.000000 -0.944210
-0.329346 0.000000 -0.944209
-0.510550 0.000000 -0.859848
0.967624 -0.000000 0.252395
0.987460 -0.000000 0.157871
0.967624 -0.000000 0.252395
0.967624 -0.000000 0.252395
0.987460 -0.000000 0.157871
0.987460 -0.000000 0.157871
-0.987591 0.000000 -0.157050
-0.987590 0.000000 -0.157051
-0.993977 0.000000 -0.109589
-0.987591 0.000000 -0.157050
-0.993977 0.000000 -0.109589
-0.993977 0.000000 -0.109588
0.987460 -0.000000 0.157871
0.998960 -0.000000 0.045585
0.987460 -0.000000 0.157871
0.987460 -0.000000 0.157871
0.998960 -0.000000 0.045585
0.998960 -0.000000 0.045585
-0.993977 0.000000 -0.109589
-0.998960 0.000000 -0.045585
-0.993977 0.000000 -0.109588
-0.998960 0.000000 -0.045585
-0.993977 0.000000 -0.109589
-0.998960 0.000000 -0.045585
0.998960 -0.000000 0.045585
0.999848 -0.000000 0.017433
0.998960 -0.000000 0.045585
0.998960 -0.000000 0.045585
0.999848 -0.000000 0.017433
0.999848 -0.000000 0.017433
-0.998960 0.000000 -0.045585
-0.999848 0.000000 -0.017433
-0.998960 0.000000 -0.045585
-0.999848 0.000000 -0.017433
-0.998960 0.000000 -0.045585
-0.999848 0.000000 -0.017433
0.999848 -0.000000 0.017433
0.999997 -0.000000 0.002476
0.999848 -0.000000 0.017433
0.999848 -0.000000 0.017433
0.999997 -0.000000 0.002476
0.999997 -0.000000 0.002476
-0.999848 0.000000 -0.017433
-0.999997 0.000000 -0.002476
-0.999848 0.000000 -0.017433
-0.999997 0.000000 -0.002476
-0.999848 0.000000 -0.017433
-0.999997 0.000000 -0.002476
1.000000 -0.000000 -0.000563
1.000000 -0.000000 -0.000499
1.000000 -0.000000 -0.000564
1.000000 -0.000000 -0.000499
1.000000 -0.000000 -0.000563
1.000000 -0.000000 -0.000498
-1.000000 0.000000 0.000564
-1.000000 0.000000 0.000498
-1.000000 0.000000 0.000564
-1.000000 0.000000 0.000564
-1.000000 0.000000 0.000498
-1.000000 0.000000 0.000499
0.999997 -0.000000 0.002476
1.000000 -0.000000 -0.000563
0.999997 -0.000000 0.002476
0.999997 -0.000000 0.002476
1.000000 -0.000000 -0.000563
1.000000 -0.000000 -0.000564
-0.999997 0.000000 -0.002476
-1.000000 0.000000 0.000564
-0.999997 0.000000 -0.002476
-1.000000 0.000000 0.000564
-0.999997 0.000000 -0.002476
-1.000000 0.000000 0.000564
0.000000 0.000000 -1.000000
0.000000 0.000000 -1.000000
0.000000 0.000000 -1.000000
0.000000 0.000000 -1.000000
0.000000 0.000000 -1.000000
0.000000 0.000000 -1.000000
0.000000 -0.000000 1.000000
0.000000 -0.000000 1.000000
0.000000 -0.000000 1.000000
0.000000 -0.000000 1.000000
0.000000 -0.000000 1.000000
0.000000 -0.000000 1.000000
-0.101014 -0.000000 0.994885
-0.435905 0.000000 0.899993
-0.101014 -0.000000 0.994885
-0.435905 0.000000 0.899993
-0.101014 -0.000000 0.994885
-0.435906 -0.000000 0.899992
0.134990 0.000000 -0.990847
0.134979 0.000000 -0.990848
0.329346 -0.000000 -0.944209
0.329346 -0.000000 -0.944209
0.329346 -0.000000 -0.944209
0.134990 0.000000 -0.990847
-0.435906 -0.000000 0.899992
-0.643999 0.000000 0.765027
-0.435905 0.000000 0.899993
-0.643999 0.000000 0.765027
-0.435906 -0.000000 0.899992
-0.643999 0.000000 0.765026
0.329346 -0.000000 -0.944209
0.329346 -0.000000 -0.944209
0.510555 -0.000000 -0.859845
0.510555 -0.000000 -0.859845
0.510545 -0.000000 -0.859851
0.329346 -0.000000 -0.944209
-0.967624 0.000000 0.252398
-0.987932 0.000000 0.154890
-0.967624 0.000000 0.252398
-0.987932 0.000000 0.154890
-0.967624 0.000000 0.252398
-0.987932 0.000000 0.154890
0.987590 -0.000000 -0.157051
0.987591 -0.000000 -0.157051
0.994303 -0.000000 -0.106587
0.987590 -0.000000 -0.157051
0.994303 -0.000000 -0.106587
0.994303 -0.000000 -0.106587
-0.987932 0.000000 0.154890
-0.998896 0.000000 0.046987
-0.987932 0.000000 0.154890
-0.998896 0.000000 0.046987
-0.987932 0.000000 0.154890
-0.998896 0.000000 0.046987
0.994303 -0.000000 -0.106587
0.998896 -0.000000 -0.046987
0.994303 -0.000000 -0.106587
0.994303 -0.000000 -0.106587
0.998896 -0.000000 -0.046987
0.998896 -0.000000 -0.046987
-0.998896 0.000000 0.046987
-0.999797 0.000000 0.020155
-0.998896 0.000000 0.046987
-0.999797 0.000000 0.020155
-0.998896 0.000000 0.046987
-0.999797 0.000000 0.020155
0.998896 -0.000000 -0.046987
0.999797 -0.000000 -0.020155
0.998896 -0.000000 -0.046987
0.998896 -0.000000 -0.046987
0.999797 -0.000000 -0.020155
0.999797 -0.000000 -0.020155
-0.999797 0.000000 0.020155
-1.000000 0.000000 0.000776
-0.999797 0.000000 0.020155
-1.000000 0.000000 0.000776
-0.999797 0.000000 0.020155
-1.000000 0.000000 0.000776
0.999797 -0.000000 -0.020155
1.000000 -0.000000 -0.000776
0.999797 -0.000000 -0.020155
0.999797 -0.000000 -0.020155
1.000000 -0.000000 -0.000776
1.000000 -0.000000 -0.000776
-1.000000 0.000000 -0.000563
-1.000000 0.000000 -0.000498
-1.000000 0.000000 -0.000563
-1.000000 0.000000 -0.000563
-1.000000 0.000000 -0.000498
-1.000000 0.000000 -0.000498
1.000000 -0.000000 0.000564
1.000000 -0.000000 0.000499
1.000000 -0.000000 0.000564
1.000000 -0.000000 0.000499
1.000000 -0.000000 0.000564
1.000000 -0.000000 0.000498
-1.000000 0.000000 0.000776
-1.000000 0.000000 -0.000563
-1.000000 0.000000 0.000776
-1.000000 0.000000 -0.000563
-1.000000 0.000000 0.000776
-1.000000 0.000000 -0.000563
1.000000 -0.000000 -0.000776
1.000000 -0.000000 0.000564
1.000000 -0.000000 -0.000776
1.000000 -0.000000 -0.000776
1.000000 -0.000000 0.000564
1.000000 -0.000000 0.000564
0.000000 0.000000 -1.000000
0.000000 0.000000 -1.000000
0.000000 0.000000 -1.000000
0.000000 0.000000 -1.000000
0.000000 0.000000 -1.000000
0.000000 0.000000 -1.000000
-1.000000 0.000000 -0.000000
-1.000000 0.000000 -0.000000
-1.000000 0.000000 -0.000000
-1.000000 0.000000 -0.000000
-1.000000 0.000000 -0.000000
-1.000000 0.000000 -0.000000
-0.435900 0.000000 -0.899995
-0.101010 -0.000000 -0.994885
-0.101010 0.000000 -0.994885
-0.101010 -0.000000 -0.994885
-0.435900 0.000000 -0.899995
-0.435901 0.000000 -0.899994
0.329346 -0.000000 0.944209
0.135030 -0.000000 0.990842
0.135053 -0.000000 0.990838
0.135030 -0.000000 0.990842
0.329346 -0.000000 0.944209
0.329346 -0.000000 0.944209
-0.643996 0.000000 -0.765029
-0.435901 0.000000 -0.899994
-0.435900 0.000000 -0.899995
-0.435901 0.000000 -0.899994
-0.643996 0.000000 -0.765029
-0.643999 0.000000 -0.765026
0.510490 -0.000000 0.859884
0.329346 -0.000000 0.944209
0.329346 -0.000000 0.944209
0.329346 -0.000000 0.944209
0.510490 -0.000000 0.859884
0.510510 -0.000000 0.859872
-0.988408 0.000000 -0.151821
-0.967625 0.000000 -0.252393
-0.988408 0.000000 -0.151821
-0.967625 0.000000 -0.252393
-0.988408 0.000000 -0.151821
-0.967625 0.000000 -0.252394
0.994630 -0.000000 0.103499
0.994630 -0.000000 0.103499
0.987591 -0.000000 0.157048
0.994630 -0.000000 0.103499
0.987591 -0.000000 0.157048
0.987591 -0.000000 0.157048
-0.999646 0.000000 -0.026591
-0.988408 0.000000 -0.151821
-0.999646 0.000000 -0.026591
-0.988408 0.000000 -0.151821
-0.999646 0.000000 -0.026591
-0.988408 0.000000 -0.151821
0.999646 -0.000000 0.026591
0.994630 -0.000000 0.103499
0.999646 -0.000000 0.026591
0.999646 -0.000000 0.026591
0.994630 -0.000000 0.103499
0.994630 -0.000000 0.103499
-0.999999 0.000000 -0.001510
-0.999646 0.000000 -0.026591
-0.999999 0.000000 -0.001510
-0.999646 0.000000 -0.026591
-0.999999 0.000000 -0.001510
-0.999646 0.000000 -0.026591
0.999999 -0.000000 0.001510
0.999646 -0.000000 0.026591
0.999999 -0.000000 0.001510
0.999999 -0.000000 0.001510
0.999646 -0.000000 0.026591
0.999646 -0.000000 0.026591
-1.000000 0.000000 0.000563
-0.999999 0.000000 -0.001510
-1.000000 0.000000 0.000564
-0.999999 0.000000 -0.001510
-1.000000 0.000000 0.000563
-0.999999 0.000000 -0.001510
1.000000 -0.000000 -0.000563
0.999999 -0.000000 0.001510
1.000000 -0.000000 -0.000563
1.000000 -0.000000 -0.000563
0.999999 -0.000000 0.001510
0.999999 -0.000000 0.001510
-1.000000 0.000000 0.000499
-1.000000 0.000000 0.000563
-1.000000 0.000000 0.000498
-1.000000 0.000000 0.000563
-1.000000 0.000000 0.000499
-1.000000 0.000000 0.000564
1.000000 -0.000000 -0.000498
1.000000 -0.000000 -0.000564
1.000000 -0.000000 -0.000499
1.000000 -0.000000 -0.000499
1.000000 -0.000000 -0.000564
1.000000 -0.000000 -0.000564
-1.000000 0.000000 0.000564
-1.000000 0.000000 0.000563
-1.000000 0.000000 0.000563
-1.000000 0.000000 0.000563
-1.000000 0.000000 0.000563
-1.000000 0.000000 0.000564
1.000000 -0.000000 -0.000564
1.000000 -0.000000 -0.000563
1.000000 -0.000000 -0.000564
1.000000 -0.000000 -0.000563
1.000000 -0.000000 -0.000564
1.000000 -0.000000 -0.000563
0.000000 0.000000 1.000000
0.000000 -0.000000 1.000000
0.000000 0.000000 1.000000
0.000000 -0.000000 1.000000
0.000000 0.000000 1.000000
0.000000 -0.000000 1.000000
0.000000 0.000000 -1.000000
0.000000 -0.000000 -1.000000
0.000000 -0.000000 -1.000000
0.000000 -0.000000 -1.000000
0.000000 -0.000000 -1.000000
0.000000 -0.000000 -1.000000
1.000000 -0.000000 0.000000
1.000000 -0.000000 0.000000
1.000000 -0.000000 0.000000
1.000000 -0.000000 0.000000
1.000000 -0.000000 0.000000
1.000000 -0.000000 0.000000
0.101019 -0.000000 -0.994884
0.435909 -0.000000 -0.899991
0.435909 -0.000000 -0.899991
0.435909 -0.000000 -0.899991
0.101019 -0.000000 -0.994884
0.101019 -0.000000 -0.994884
-0.134893 -0.000000 0.990860
-0.329314 -0.000000 0.944221
-0.329314 -0.000000 0.944221
-0.329314 -0.000000 0.944221
-0.134893 -0.000000 0.990860
-0.134893 -0.000000 0.990860
0.435909 -0.000000 -0.899991
0.643999 -0.000000 -0.765026
0.643999 -0.000000 -0.765027
0.643999 -0.000000 -0.765026
0.435909 -0.000000 -0.899991
0.435909 -0.000000 -0.899991
-0.329314 -0.000000 0.944221
-0.510570 0.000000 0.859836
-0.510570 -0.000000 0.859836
-0.510570 0.000000 0.859836
-0.329314 -0.000000 0.944221
-0.329314 -0.000000 0.944221
0.988408 -0.000000 -0.151824
0.967623 -0.000000 -0.252399
0.988408 -0.000000 -0.151824
0.988408 -0.000000 -0.151824
0.967623 -0.000000 -0.252399
0.967623 -0.000000 -0.252399
-0.994629 0.000000 0.103500
-0.987591 0.000000 0.157048
-0.994630 0.000000 0.103499
-0.987591 0.000000 0.157048
-0.994629 0.000000 0.103500
-0.987591 0.000000 0.157051
0.999646 -0.000000 -0.026590
0.988408 -0.000000 -0.151824
0.999646 0.000000 -0.026590
0.999646 0.000000 -0.026590
0.988408 -0.000000 -0.151824
0.988408 -0.000000 -0.151824
-0.999646 0.000000 0.026590
-0.994630 0.000000 0.103499
-0.999646 0.000000 0.026590
-0.994630 0.000000 0.103499
-0.999646 0.000000 0.026590
-0.994629 0.000000 0.103500
0.999999 -0.000000 -0.001510
0.999646 -0.000000 -0.026590
0.999999 -0.000000 -0.001510
0.999999 -0.000000 -0.001510
0.999646 -0.000000 -0.026590
0.999646 0.000000 -0.026590
-0.999999 0.000000 0.001510
-0.999646 0.000000 0.026590
-0.999999 0.000000 0.001510
-0.999646 0.000000 0.026590
-0.999999 0.000000 0.001510
-0.999646 0.000000 0.026590
1.000000 -0.000000 0.000564
0.999999 -0.000000 -0.001510
1.000000 -0.000000 0.000563
1.000000 -0.000000 0.000563
0.999999 -0.000000 -0.001510
0.999999 -0.000000 -0.001510
-1.000000 0.000000 -0.000564
-0.999999 0.000000 0.001510
-1.000000 0.000000 -0.000564
-0.999999 0.000000 0.001510
-1.000000 0.000000 -0.000564
-0.999999 0.000000 0.001510
1.000000 -0.000000 0.000498
1.000000 -0.000000 0.000563
1.000000 -0.000000 0.000499
1.000000 -0.000000 0.000499
1.000000 -0.000000 0.000563
1.000000 -0.000000 0.000564
-1.000000 0.000000 -0.000498
-1.000000 0.000000 -0.000564
-1.000000 0.000000 -0.000499
-1.000000 0.000000 -0.000564
-1.000000 0.000000 -0.000498
-1.000000 0.000000 -0.000564
1.000000 -0.000000 0.000563
1.000000 -0.000000 0.000563
1.000000 -0.000000 0.000564
1.000000 -0.000000 0.000563
1.000000 -0.000000 0.000563
1.000000 -0.000000 0.000564
-1.000000 0.000000 -0.000564
-1.000000 0.000000 -0.000564
-1.000000 0.000000 -0.000564
-1.000000 0.000000 -0.000564
-1.000000 0.000000 -0.000564
-1.000000 0.000000 -0.000564
0.000000 0.000000 1.000000
0.000000 -0.000000 1.000000
0.000000 0.000000 1.000000
0.000000 -0.000000 1.000000
0.000000 0.000000 1.000000
0.000000 -0.000000 1.000000
0.101014 -0.000000 0.994885
0.000000 -0.000000 1.000000
0.101014 -0.000000 0.994885
0.000000 -0.000000 1.000000
0.101014 -0.000000 0.994885
0.000000 -0.000000 1.000000
0.000000 -0.000000 1.000000
-0.000000 -0.000000 1.000000
0.000000 -0.000000 1.000000
-0.000000 -0.000000 1.000000
0.000000 -0.000000 1.000000
-0.000000 -0.000000 1.000000
-0.101014 -0.000000 0.994885
0.000000 -0.000000 1.000000
-0.101014 -0.000000 0.994885
0.000000 -0.000000 1.000000
-0.101014 -0.000000 0.994885
0.000000 -0.000000 1.000000
-0.101010 -0.000000 -0.994885
0.000000 -0.000000 -1.000000
-0.101010 0.000000 -0.994885
0.000000 -0.000000 -1.000000
-0.101010 0.000000 -0.994885
0.000000 -0.000000 -1.000000
0.000000 -0.000000 -1.000000
0.000000 -0.000000 -1.000000
0.000000 -0.000000 -1.000000
0.000000 0.000000 -1.000000
0.000000 -0.000000 -1.000000
0.000000 -0.000000 -1.000000
0.000000 -0.000000 -1.000000
0.101019 -0.000000 -0.994884
0.101019 -0.000000 -0.994884
0.101019 -0.000000 -0.994884
0.000000 -0.000000 -1.000000
0.000000 -0.000000 -1.000000
-0.000000 -0.000000 1.000000
0.000000 -0.000000 1.000000
-0.000000 -0.000000 1.000000
0.000000 -0.000000 1.000000
-0.000000 -0.000000 1.000000
0.000000 -0.000000 1.000000
0.000000 -0.000000 -1.000000
0.000000 0.000000 -1.000000
0.000000 -0.000000 -1.000000
0.000000 0.000000 -1.000000
0.000000 -0.000000 -1.000000
0.000000 -0.000000 -1.000000
-0.000000 -0.000000 1.000000
-0.000000 -0.000000 1.000000
-0.000000 -0.000000 1.000000
-0.000000 -0.000000 1.000000
-0.000000 -0.000000 1.000000
-0.000000 -0.000000 1.000000
0.000000 0.000000 -1.000000
0.000000 -0.000000 -1.000000
0.000000 -0.000000 -1.000000
0.000000 -0.000000 -1.000000
0.000000 0.000000 -1.000000
0.000000 -0.000000 -1.000000
-1.000000 0.000000 0.000000
-1.000000 0.000000 0.000000
-1.000000 0.000000 0.000000
-1.000000 0.000000 0.000000
-1.000000 0.000000 0.000000
-1.000000 0.000000 0.000000
1.000000 0.000000 0.000000
1.000000 0.000000 0.000000
1.000000 0.000000 0.000000
1.000000 0.000000 0.000000
1.000000 0.000000 0.000000
1.000000 0.000000 0.000000
0.017561 0.999846 0.000000
0.017561 0.999846 0.000000
0.017561 0.999846 0.000000
0.017561 0.999846 0.000000
0.017561 0.999846 0.000000
0.017561 0.999846 0.000000
0.000000 1.000000 0.000000
0.000000 1.000000 0.000000
0.000000 1.000000 0.000000
0.000000 1.000000 0.000000
0.000000 1.000000 0.000000
0.000000 1.000000 0.000000
0.000000 1.000000 0.000000
0.000000 1.000000 0.000000
0.000000 1.000000 0.000000
0.000000 1.000000 0.000000
0.000000 1.000000 0.000000
0.000000 1.000000 0.000000
-0.017561 0.999846 0.000000
-0.017561 0.999846 0.000000
-0.017561 0.999846 0.000000
-0.017561 0.999846 0.000000
-0.017561 0.999846 0.000000
-0.017561 0.999846 0.000000
-1.000000 0.000000 0.000000
-1.000000 0.000000 0.000000
-1.000000 0.000000 0.000000
-1.000000 0.000000 0.000000
-1.000000 0.000000 0.000000
-1.000000 0.000000 0.000000
-0.017561 -0.999846 0.000000
-0.017561 -0.999846 0.000000
-0.017561 -0.999846 0.000000
-0.017561 -0.999846 0.000000
-0.017561 -0.999846 0.000000
-0.017561 -0.999846 0.000000
-0.000000 -1.000000 0.000000
-0.000000 -1.000000 0.000000
-0.000000 -1.000000 0.000000
-0.000000 -1.000000 0.000000
-0.000000 -1.000000 0.000000
-0.000000 -1.000000 0.000000
-0.000000 -1.000000 0.000000
-0.000000 -1.000000 0.000000
-0.000000 -1.000000 0.000000
-0.000000 -1.000000 0.000000
-0.000000 -1.000000 0.000000
-0.000000 -1.000000 0.000000
0.017561 -0.999846 0.000000
0.017561 -0.999846 0.000000
0.017561 -0.999846 0.000000
0.017561 -0.999846 0.000000
0.017561 -0.999846 0.000000
0.017561 -0.999846 0.000000
1.000000 0.000000 0.000000
1.000000 0.000000 0.000000
1.000000 0.000000 0.000000
1.000000 0.000000 0.000000
1.000000 0.000000 0.000000
1.000000 0.000000 0.000000
0.003172 0.337224 -0.941419
0.003172 0.337224 -0.941419
0.003172 0.337224 -0.941419
0.003172 0.337224 -0.941419
0.003172 0.337224 -0.941419
0.003172 0.337224 -0.941419
0.000000 0.338199 -0.941074
0.000000 0.338199 -0.941074
0.000000 0.338199 -0.941074
0.000000 0.338199 -0.941074
0.000000 0.338199 -0.941074
0.000000 0.338199 -0.941074
0.000000 0.338199 -0.941074
0.000000 0.338199 -0.941074
0.000000 0.338199 -0.941074
0.000000 0.338199 -0.941074
0.000000 0.338199 -0.941074
0.000000 0.338199 -0.941074
-0.003172 0.337224 -0.941419
-0.003172 0.337223 -0.941419
-0.003172 0.337224 -0.941419
-0.003172 0.337224 -0.941419
-0.003172 0.337223 -0.941419
-0.003172 0.337224 -0.941419
-1.000000 0.000000 0.000000
-1.000000 0.000000 0.000000
-1.000000 0.000000 0.000000
-1.000000 0.000000 0.000000
-1.000000 0.000000 0.000000
-1.000000 0.000000 0.000000
-0.003172 -0.337223 -0.941419
-0.003172 -0.337223 -0.941419
-0.003172 -0.337223 -0.941419
-0.003172 -0.337223 -0.941419
-0.003172 -0.337223 -0.941419
-0.003172 -0.337223 -0.941419
0.000000 -0.338199 -0.941074
0.000000 -0.338199 -0.941074
0.000000 -0.338199 -0.941075
0.000000 -0.338199 -0.941074
0.000000 -0.338199 -0.941074
0.000000 -0.338199 -0.941075
-0.000000 -0.338199 -0.941074
-0.000000 -0.338199 -0.941074
-0.000000 -0.338199 -0.941074
-0.000000 -0.338199 -0.941074
-0.000000 -0.338199 -0.941074
-0.000000 -0.338199 -0.941074
0.003172 -0.337223 -0.941419
0.003172 -0.337223 -0.941419
0.003172 -0.337223 -0.941419
0.003172 -0.337223 -0.941419
0.003172 -0.337223 -0.941419
0.003172 -0.337223 -0.941419
1.000000 -0.000000 -0.000000
1.000000 -0.000000 -0.000000
1.000000 -0.000000 -0.000000
1.000000 -0.000000 -0.000000
1.000000 -0.000000 -0.000000
1.000000 -0.000000 -0.000000
-0.031905 -0.999403 0.013232
-0.022855 -0.999738 0.001372
-0.027758 -0.999604 0.004702
-0.022855 -0.999738 0.001372
-0.031905 -0.999403 0.013232
-0.024140 -0.999678 0.007865
-0.027758 -0.999604 0.004702
-0.002253 -0.999948 -0.009924
0.000634 -0.999968 -0.007939
-0.002253 -0.999948 -0.009924
-0.027758 -0.999604 0.004702
-0.022855 -0.999738 0.001372
0.000634 -0.999968 -0.007939
0.009437 -0.999831 -0.015768
0.007065 -0.999912 -0.011267
0.009437 -0.999831 -0.015768
0.000634 -0.999968 -0.007939
-0.002253 -0.999948 -0.009924
0.007065 -0.999912 -0.011267
-0.008180 -0.999710 -0.022643
-0.012692 -0.999774 -0.017081
-0.008180 -0.999710 -0.022643
0.007065 -0.999912 -0.011267
0.009437 -0.999831 -0.015768
-0.012692 -0.999774 -0.017081
0.002005 -0.999511 -0.031206
0.008103 -0.999661 -0.024760
0.002005 -0.999511 -0.031206
-0.012692 -0.999774 -0.017081
-0.008180 -0.999710 -0.022643
0.008103 -0.999661 -0.024760
0.009164 -0.999674 -0.023853
0.014267 -0.999767 -0.016208
0.009164 -0.999674 -0.023853
0.008103 -0.999661 -0.024760
0.002005 -0.999511 -0.031206
0.014267 -0.999767 -0.016208
-0.008214 -0.999909 -0.010692
-0.007625 -0.999953 -0.005952
-0.008214 -0.999909 -0.010692
0.014267 -0.999767 -0.016208
0.009164 -0.999674 -0.023853
-0.007625 -0.999953 -0.005952
0.016302 -0.999821 -0.009639
0.021047 -0.999752 -0.007243
0.016302 -0.999821 -0.009639
-0.007625 -0.999953 -0.005952
-0.008214 -0.999909 -0.010692
0.021047 -0.999752 -0.007243
0.027810 -0.999611 -0.002016
0.034682 -0.999398 0.000267
0.027810 -0.999611 -0.002016
0.021047 -0.999752 -0.007243
0.016302 -0.999821 -0.009639
-0.013609 -0.999833 0.012239
0.034682 -0.999398 0.000267
0.027810 -0.999611 -0.002016
-0.013609 -0.999833 0.012239
0.027810 -0.999611 -0.002016
-0.018854 -0.999786 0.008463
-0.021384 -0.999728 0.009288
-0.013609 -0.999833 0.012239
-0.018854 -0.999786 0.008463
-0.021384 -0.999728 0.009288
-0.018854 -0.999786 0.008463
-0.017168 -0.999843 0.004443
-0.021384 -0.999728 0.009288
0.044411 -0.999007 -0.003711
0.050301 -0.998734 -0.000184
0.044411 -0.999007 -0.003711
-0.021384 -0.999728 0.009288
-0.017168 -0.999843 0.004443
0.050301 -0.998734 -0.000184
0.045693 -0.998952 -0.002833
0.046394 -0.998923 0.000991
0.045693 -0.998952 -0.002833
0.050301 -0.998734 -0.000184
0.044411 -0.999007 -0.003711
-0.013067 -0.999897 0.005887
0.046394 -0.998923 0.000991
0.045693 -0.998952 -0.002833
-0.013067 -0.999897 0.005887
0.045693 -0.998952 -0.002833
-0.015006 -0.999881 0.003506
-0.066906 -0.997621 0.016628
-0.027758 -0.999604 0.004702
-0.042038 -0.999093 -0.006857
-0.027758 -0.999604 0.004702
-0.066906 -0.997621 0.016628
-0.031905 -0.999403 0.013232
-0.042038 -0.999093 -0.006857
0.000634 -0.999968 -0.007939
0.014207 -0.999894 -0.003207
0.000634 -0.999968 -0.007939
-0.042038 -0.999093 -0.006857
-0.027758 -0.999604 0.004702
0.014207 -0.999894 -0.003207
0.007065 -0.999912 -0.011267
0.003555 -0.999994 -0.000527
0.007065 -0.999912 -0.011267
0.014207 -0.999894 -0.003207
0.000634 -0.999968 -0.007939
0.003555 -0.999994 -0.000527
-0.012692 -0.999774 -0.017081
-0.024254 -0.999532 -0.018670
-0.012692 -0.999774 -0.017081
0.003555 -0.999994 -0.000527
0.007065 -0.999912 -0.011267
-0.024254 -0.999532 -0.018670
0.008103 -0.999661 -0.024760
0.022294 -0.999547 -0.020206
0.008103 -0.999661 -0.024760
-0.024254 -0.999532 -0.018670
-0.012692 -0.999774 -0.017081
0.022294 -0.999547 -0.020206
0.014267 -0.999767 -0.016208
0.030232 -0.999538 -0.003005
0.014267 -0.999767 -0.016208
0.022294 -0.999547 -0.020206
0.008103 -0.999661 -0.024760
0.030232 -0.999538 -0.003005
-0.007625 -0.999953 -0.005952
-0.011530 -0.999933 -0.000228
-0.007625 -0.999953 -0.005952
0.030232 -0.999538 -0.003005
0.014267 -0.999767 -0.016208
-0.011530 -0.999933 -0.000228
0.021047 -0.999752 -0.007243
0.025063 -0.999588 -0.013975
0.021047 -0.999752 -0.007243
-0.011530 -0.999933 -0.000228
-0.007625 -0.999953 -0.005952
0.025063 -0.999588 -0.013975
0.034682 -0.999398 0.000267
0.065711 -0.997827 -0.004922
0.034682 -0.999398 0.000267
0.025063 -0.999588 -0.013975
0.021047 -0.999752 -0.007243
0.065711 -0.997827 -0.004922
-0.013609 -0.999833 0.012239
0.002737 -0.999377 0.035189
-0.013609 -0.999833 0.012239
0.065711 -0.997827 -0.004922
0.034682 -0.999398 0.000267
-0.036154 -0.998940 0.028502
0.002737 -0.999377 0.035189
-0.013609 -0.999833 0.012239
-0.036154 -0.998940 0.028502
-0.013609 -0.999833 0.012239
-0.021384 -0.999728 0.009288
0.044312 -0.998913 -0.014480
-0.036154 -0.998940 0.028502
-0.021384 -0.999728 0.009288
0.044312 -0.998913 -0.014480
-0.021384 -0.999728 0.009288
0.050301 -0.998734 -0.000184
0.044312 -0.998913 -0.014480
0.046394 -0.998923 0.000991
0.098888 -0.994035 -0.046004
0.046394 -0.998923 0.000991
0.044312 -0.998913 -0.014480
0.050301 -0.998734 -0.000184
-0.009026 -0.999421 0.032792
0.098888 -0.994035 -0.046004
0.046394 -0.998923 0.000991
-0.009026 -0.999421 0.032792
0.046394 -0.998923 0.000991
-0.013067 -0.999897 0.005887
-0.079015 -0.996488 -0.027731
-0.154687 -0.987963 -0.001409
-0.066906 -0.997621 0.016628
-0.066906 -0.997621 0.016628
-0.042038 -0.999093 -0.006857
-0.079015 -0.996488 -0.027731
0.047008 -0.998591 0.024601
-0.079015 -0.996488 -0.027731
-0.042038 -0.999093 -0.006857
-0.042038 -0.999093 -0.006857
0.014207 -0.999894 -0.003207
0.047008 -0.998591 0.024601
0.047008 -0.998591 0.024601
0.014207 -0.999894 -0.003207
0.021660 -0.998519 0.049911
0.014207 -0.999894 -0.003207
0.003555 -0.999994 -0.000527
0.021660 -0.998519 0.049911
-0.044877 -0.998990 -0.002156
0.021660 -0.998519 0.049911
0.003555 -0.999994 -0.000527
0.003555 -0.999994 -0.000527
-0.024254 -0.999532 -0.018670
-0.044877 -0.998990 -0.002156
0.041402 -0.999092 0.010097
-0.044877 -0.998990 -0.002156
-0.024254 -0.999532 -0.018670
0.041402 -0.999092 0.010097
-0.024254 -0.999532 -0.018670
0.022294 -0.999547 -0.020206
0.053418 -0.997565 0.044843
0.041402 -0.999092 0.010097
0.022294 -0.999547 -0.020206
0.053418 -0.997565 0.044843
0.022294 -0.999547 -0.020206
0.030232 -0.999538 -0.003005
-0.031923 -0.999304 0.019285
0.053418 -0.997565 0.044843
0.030232 -0.999538 -0.003005
-0.031923 -0.999304 0.019285
0.030232 -0.999538 -0.003005
-0.011530 -0.999933 -0.000228
-0.031923 -0.999304 0.019285
0.025063 -0.999588 -0.013975
0.036010 -0.998677 -0.036713
0.025063 -0.999588 -0.013975
-0.031923 -0.999304 0.019285
-0.011530 -0.999933 -0.000228
0.036010 -0.998677 -0.036713
0.065711 -0.997827 -0.004922
0.132338 -0.990944 -0.022736
0.065711 -0.997827 -0.004922
0.036010 -0.998677 -0.036713
0.025063 -0.999588 -0.013975
0.132338 -0.990944 -0.022736
0.002737 -0.999377 0.035189
0.031093 -0.996853 0.072923
0.002737 -0.999377 0.035189
0.132338 -0.990944 -0.022736
0.065711 -0.997827 -0.004922
0.031093 -0.996853 0.072923
-0.036154 -0.998940 0.028502
-0.066392 -0.995741 0.063961
-0.036154 -0.998940 0.028502
0.031093 -0.996853 0.072923
0.002737 -0.999377 0.035189
-0.066392 -0.995741 0.063961
0.044312 -0.998913 -0.014480
0.086050 -0.992934 -0.081712
0.044312 -0.998913 -0.014480
-0.066392 -0.995741 0.063961
-0.036154 -0.998940 0.028502
0.086050 -0.992934 -0.081712
0.098888 -0.994035 -0.046004
0.162715 -0.980898 -0.106595
0.098888 -0.994035 -0.046004
0.086050 -0.992934 -0.081712
0.044312 -0.998913 -0.014480
0.162715 -0.980898 -0.106595
-0.009026 -0.999421 0.032792
-0.003354 -0.997602 0.069128
-0.009026 -0.999421 0.032792
0.162715 -0.980898 -0.106595
0.098888 -0.994035 -0.046004
-0.140236 -0.989778 -0.025957
-0.265737 -0.963992 0.010172
-0.154687 -0.987963 -0.001409
-0.154687 -0.987963 -0.001409
-0.079015 -0.996488 -0.027731
-0.140236 -0.989778 -0.025957
0.120974 -0.989133 0.083557
-0.140236 -0.989778 -0.025957
-0.079015 -0.996488 -0.027731
-0.079015 -0.996488 -0.027731
0.047008 -0.998591 0.024601
0.120974 -0.989133 0.083557
0.120974 -0.989133 0.083557
0.047008 -0.998591 0.024601
0.088685 -0.980881 0.173225
0.047008 -0.998591 0.024601
0.021660 -0.998519 0.049911
0.088685 -0.980881 0.173225
-0.069703 -0.993558 0.089355
0.088685 -0.980881 0.173225
0.021660 -0.998519 0.049911
0.021660 -0.998519 0.049911
-0.044877 -0.998990 -0.002156
-0.069703 -0.993558 0.089355
0.052602 -0.991915 0.115491
-0.069703 -0.993558 0.089355
-0.044877 -0.998990 -0.002156
-0.044877 -0.998990 -0.002156
0.041402 -0.999092 0.010097
0.052602 -0.991915 0.115491
0.071828 -0.985363 0.154597
0.052602 -0.991915 0.115491
0.041402 -0.999092 0.010097
0.041402 -0.999092 0.010097
0.053418 -0.997565 0.044843
0.071828 -0.985363 0.154597
-0.072488 -0.994284 0.078383
0.071828 -0.985363 0.154597
0.053418 -0.997565 0.044843
-0.072488 -0.994284 0.078383
0.053418 -0.997565 0.044843
-0.031923 -0.999304 0.019285
-0.072488 -0.994284 0.078383
0.036010 -0.998677 -0.036713
0.046553 -0.997942 -0.044091
0.036010 -0.998677 -0.036713
-0.072488 -0.994284 0.078383
-0.031923 -0.999304 0.019285
0.046553 -0.997942 -0.044091
0.132338 -0.990944 -0.022736
0.238038 -0.970588 -0.036013
0.132338 -0.990944 -0.022736
0.046553 -0.997942 -0.044091
0.036010 -0.998677 -0.036713
0.238038 -0.970588 -0.036013
0.031093 -0.996853 0.072923
0.077829 -0.991425 0.104973
0.031093 -0.996853 0.072923
0.238038 -0.970588 -0.036013
0.132338 -0.990944 -0.022736
0.077829 -0.991425 0.104973
-0.066392 -0.995741 0.063961
-0.118582 -0.987837 0.100581
-0.066392 -0.995741 0.063961
0.077829 -0.991425 0.104973
0.031093 -0.996853 0.072923
-0.118582 -0.987837 0.100581
0.086050 -0.992934 -0.081712
0.148193 -0.979085 -0.139396
0.086050 -0.992934 -0.081712
-0.118582 -0.987837 0.100581
-0.066392 -0.995741 0.063961
0.148193 -0.979085 -0.139396
0.162715 -0.980898 -0.106595
0.211996 -0.972631 -0.095113
0.162715 -0.980898 -0.106595
0.148193 -0.979085 -0.139396
0.086050 -0.992934 -0.081712
0.211996 -0.972631 -0.095113
-0.003354 -0.997602 0.069128
0.007130 -0.997195 0.074506
-0.003354 -0.997602 0.069128
0.211996 -0.972631 -0.095113
0.162715 -0.980898 -0.106595
-0.198818 -0.979869 0.018079
-0.372949 -0.926062 0.057603
-0.265737 -0.963992 0.010172
-0.265737 -0.963992 0.010172
-0.140236 -0.989778 -0.025957
-0.198818 -0.979869 0.018079
0.242433 -0.956163 0.164253
-0.198818 -0.979869 0.018079
-0.140236 -0.989778 -0.025957
-0.140236 -0.989778 -0.025957
0.120974 -0.989133 0.083557
0.242433 -0.956163 0.164253
0.242433 -0.956163 0.164253
0.120974 -0.989133 0.083557
0.200883 -0.935732 0.289915
0.120974 -0.989133 0.083557
0.088685 -0.980881 0.173225
0.200883 -0.935732 0.289915
-0.094213 -0.979184 0.179786
0.200883 -0.935732 0.289915
0.088685 -0.980881 0.173225
0.088685 -0.980881 0.173225
-0.069703 -0.993558 0.089355
-0.094213 -0.979184 0.179786
0.059079 -0.973726 0.219925
-0.094213 -0.979184 0.179786
-0.069703 -0.993558 0.089355
-0.069703 -0.993558 0.089355
0.052602 -0.991915 0.115491
0.059079 -0.973726 0.219925
0.076490 -0.963550 0.256360
0.059079 -0.973726 0.219925
0.052602 -0.991915 0.115491
0.052602 -0.991915 0.115491
0.071828 -0.985363 0.154597
0.076490 -0.963550 0.256360
-0.121649 -0.980893 0.151824
0.076490 -0.963550 0.256360
0.071828 -0.985363 0.154597
-0.121649 -0.980893 0.151824
0.071828 -0.985363 0.154597
-0.072488 -0.994284 0.078383
0.037764 -0.999218 -0.011678
-0.121649 -0.980893 0.151824
-0.072488 -0.994284 0.078383
0.037764 -0.999218 -0.011678
-0.072488 -0.994284 0.078383
0.046553 -0.997942 -0.044091
0.037764 -0.999218 -0.011678
0.238038 -0.970588 -0.036013
0.358374 -0.933079 -0.030527
0.238038 -0.970588 -0.036013
0.037764 -0.999218 -0.011678
0.046553 -0.997942 -0.044091
0.358374 -0.933079 -0.030527
0.077829 -0.991425 0.104973
0.138877 -0.982274 0.125904
0.077829 -0.991425 0.104973
0.358374 -0.933079 -0.030527
0.238038 -0.970588 -0.036013
0.138877 -0.982274 0.125904
-0.118582 -0.987837 0.100581
-0.180180 -0.974788 0.131621
-0.118582 -0.987837 0.100581
0.138877 -0.982274 0.125904
0.077829 -0.991425 0.104973
-0.180180 -0.974788 0.131621
0.148193 -0.979085 -0.139396
0.173965 -0.979079 -0.105544
0.148193 -0.979085 -0.139396
-0.180180 -0.974788 0.131621
-0.118582 -0.987837 0.100581
0.173965 -0.979079 -0.105544
0.211996 -0.972631 -0.095113
0.258218 -0.963485 -0.070849
0.211996 -0.972631 -0.095113
0.173965 -0.979079 -0.105544
0.148193 -0.979085 -0.139396
0.258218 -0.963485 -0.070849
0.007130 -0.997195 0.074506
0.018438 -0.997184 0.072690
0.007130 -0.997195 0.074506
0.258218 -0.963485 -0.070849
0.211996 -0.972631 -0.095113
-0.244876 -0.963256 0.110335
-0.457786 -0.879055 0.133017
-0.372949 -0.926062 0.057603
-0.372949 -0.926062 0.057603
-0.198818 -0.979869 0.018079
-0.244876 -0.963256 0.110335
0.356652 -0.907659 0.221255
-0.244876 -0.963256 0.110335
-0.198818 -0.979869 0.018079
-0.198818 -0.979869 0.018079
0.242433 -0.956163 0.164253
0.356652 -0.907659 0.221255
0.356652 -0.907659 0.221255
0.242433 -0.956163 0.164253
0.302059 -0.908639 0.288332
0.242433 -0.956163 0.164253
0.200883 -0.935732 0.289915
0.302059 -0.908639 0.288332
-0.113216 -0.976593 0.182891
0.302059 -0.908639 0.288332
0.200883 -0.935732 0.289915
0.200883 -0.935732 0.289915
-0.094213 -0.979184 0.179786
-0.113216 -0.976593 0.182891
0.082128 -0.972691 0.217087
-0.113216 -0.976593 0.182891
-0.094213 -0.979184 0.179786
-0.094213 -0.979184 0.179786
0.059079 -0.973726 0.219925
0.082128 -0.972691 0.217087
0.078092 -0.966498 0.244505
0.082128 -0.972691 0.217087
0.059079 -0.973726 0.219925
0.059079 -0.973726 0.219925
0.076490 -0.963550 0.256360
0.078092 -0.966498 0.244505
-0.155115 -0.971482 0.179336
0.078092 -0.966498 0.244505
0.076490 -0.963550 0.256360
-0.155115 -0.971482 0.179336
0.076490 -0.963550 0.256360
-0.121649 -0.980893 0.151824
0.020544 -0.997961 0.060432
-0.155115 -0.971482 0.179336
-0.121649 -0.980893 0.151824
0.020544 -0.997961 0.060432
-0.121649 -0.980893 0.151824
0.037764 -0.999218 -0.011678
0.020544 -0.997961 0.060432
0.358374 -0.933079 -0.030527
0.445647 -0.894918 0.022814
0.358374 -0.933079 -0.030527
0.020544 -0.997961 0.060432
0.037764 -0.999218 -0.011678
0.445647 -0.894918 0.022814
0.138877 -0.982274 0.125904
0.180308 -0.973888 0.137953
0.138877 -0.982274 0.125904
0.445647 -0.894918 0.022814
0.358374 -0.933079 -0.030527
0.180308 -0.973888 0.137953
-0.180180 -0.974788 0.131621
-0.230478 -0.960832 0.153887
-0.180180 -0.974788 0.131621
0.180308 -0.973888 0.137953
0.138877 -0.982274 0.125904
-0.230478 -0.960832 0.153887
0.173965 -0.979079 -0.105544
0.180145 -0.983329 -0.024729
0.173965 -0.979079 -0.105544
-0.230478 -0.960832 0.153887
-0.180180 -0.974788 0.131621
0.180145 -0.983329 -0.024729
0.258218 -0.963485 -0.070849
0.283015 -0.958708 -0.027971
0.258218 -0.963485 -0.070849
0.180145 -0.983329 -0.024729
0.173965 -0.979079 -0.105544
0.283015 -0.958708 -0.027971
0.018438 -0.997184 0.072690
0.018896 -0.998196 0.056988
0.018438 -0.997184 0.072690
0.283015 -0.958708 -0.027971
0.258218 -0.963485 -0.070849
-0.285815 -0.935571 0.207406
-0.513686 -0.831250 0.212486
-0.457786 -0.879055 0.133017
-0.285815 -0.935571 0.207406
-0.457786 -0.879055 0.133017
-0.244876 -0.963256 0.110335
0.410673 -0.882048 0.230953
-0.285815 -0.935571 0.207406
-0.244876 -0.963256 0.110335
0.410673 -0.882048 0.230953
-0.244876 -0.963256 0.110335
0.356652 -0.907659 0.221255
0.410673 -0.882048 0.230953
0.302059 -0.908639 0.288332
0.348242 -0.912369 0.215198
0.302059 -0.908639 0.288332
0.410673 -0.882048 0.230953
0.356652 -0.907659 0.221255
-0.118233 -0.981305 0.151863
0.348242 -0.912369 0.215198
0.302059 -0.908639 0.288332
-0.118233 -0.981305 0.151863
0.302059 -0.908639 0.288332
-0.113216 -0.976593 0.182891
0.104054 -0.983056 0.150910
-0.118233 -0.981305 0.151863
-0.113216 -0.976593 0.182891
0.104054 -0.983056 0.150910
-0.113216 -0.976593 0.182891
0.082128 -0.972691 0.217087
0.082216 -0.984028 0.157888
0.104054 -0.983056 0.150910
0.082128 -0.972691 0.217087
0.082216 -0.984028 0.157888
0.082128 -0.972691 0.217087
0.078092 -0.966498 0.244505
-0.164802 -0.973886 0.156161
0.082216 -0.984028 0.157888
0.078092 -0.966498 0.244505
-0.164802 -0.973886 0.156161
0.078092 -0.966498 0.244505
-0.155115 -0.971482 0.179336
0.014040 -0.990124 0.139487
-0.164802 -0.973886 0.156161
-0.155115 -0.971482 0.179336
0.014040 -0.990124 0.139487
-0.155115 -0.971482 0.179336
0.020544 -0.997961 0.060432
0.014040 -0.990124 0.139487
0.445647 -0.894918 0.022814
0.479722 -0.871056 0.105487
0.445647 -0.894918 0.022814
0.014040 -0.990124 0.139487
0.020544 -0.997961 0.060432
0.479722 -0.871056 0.105487
0.180308 -0.973888 0.137953
0.197652 -0.966395 0.164362
0.180308 -0.973888 0.137953
0.479722 -0.871056 0.105487
0.445647 -0.894918 0.022814
0.197652 -0.966395 0.164362
-0.230478 -0.960832 0.153887
-0.257546 -0.949988 0.176616
-0.230478 -0.960832 0.153887
0.197652 -0.966395 0.164362
0.180308 -0.973888 0.137953
-0.257546 -0.949988 0.176616
0.180145 -0.983329 -0.024729
0.173418 -0.982673 0.065420
0.180145 -0.983329 -0.024729
-0.257546 -0.949988 0.176616
-0.230478 -0.960832 0.153887
0.173418 -0.982673 0.065420
0.283015 -0.958708 -0.027971
0.280589 -0.959451 0.026917
0.283015 -0.958708 -0.027971
0.173418 -0.982673 0.065420
0.180145 -0.983329 -0.024729
0.280589 -0.959451 0.026917
0.018896 -0.998196 0.056988
-0.004318 -0.997314 0.073113
0.018896 -0.998196 0.056988
0.280589 -0.959451 0.026917
0.283015 -0.958708 -0.027971
-0.552014 -0.788228 0.271988
-0.285815 -0.935571 0.207406
-0.332474 -0.902088 0.275132
-0.285815 -0.935571 0.207406
-0.552014 -0.788228 0.271988
-0.513686 -0.831250 0.212486
0.372064 -0.902077 0.218692
-0.332474 -0.902088 0.275132
-0.285815 -0.935571 0.207406
0.372064 -0.902077 0.218692
-0.285815 -0.935571 0.207406
0.410673 -0.882048 0.230953
0.372064 -0.902077 0.218692
0.348242 -0.912369 0.215198
0.316025 -0.936844 0.149840
0.348242 -0.912369 0.215198
0.372064 -0.902077 0.218692
0.410673 -0.882048 0.230953
0.316025 -0.936844 0.149840
-0.118233 -0.981305 0.151863
-0.141750 -0.981825 0.126202
-0.118233 -0.981305 0.151863
0.316025 -0.936844 0.149840
0.348242 -0.912369 0.215198
0.088923 -0.992676 0.081778
-0.141750 -0.981825 0.126202
-0.118233 -0.981305 0.151863
0.088923 -0.992676 0.081778
-0.118233 -0.981305 0.151863
0.104054 -0.983056 0.150910
0.095215 -0.992561 0.075877
0.088923 -0.992676 0.081778
0.104054 -0.983056 0.150910
0.095215 -0.992561 0.075877
0.104054 -0.983056 0.150910
0.082216 -0.984028 0.157888
0.095215 -0.992561 0.075877
-0.164802 -0.973886 0.156161
-0.160283 -0.977417 0.137719
-0.164802 -0.973886 0.156161
0.095215 -0.992561 0.075877
0.082216 -0.984028 0.157888
-0.160283 -0.977417 0.137719
0.014040 -0.990124 0.139487
0.026645 -0.979175 0.201262
0.014040 -0.990124 0.139487
-0.160283 -0.977417 0.137719
-0.164802 -0.973886 0.156161
0.026645 -0.979175 0.201262
0.479722 -0.871056 0.105487
0.479531 -0.855722 0.194396
0.479722 -0.871056 0.105487
0.026645 -0.979175 0.201262
0.014040 -0.990124 0.139487
0.184452 -0.957946 0.219813
0.479531 -0.855722 0.194396
0.479722 -0.871056 0.105487
0.184452 -0.957946 0.219813
0.479722 -0.871056 0.105487
0.197652 -0.966395 0.164362
0.184452 -0.957946 0.219813
-0.257546 -0.949988 0.176616
-0.271356 -0.940987 0.202259
-0.257546 -0.949988 0.176616
0.184452 -0.957946 0.219813
0.197652 -0.966395 0.164362
-0.271356 -0.940987 0.202259
0.173418 -0.982673 0.065420
0.156200 -0.977776 0.139838
0.173418 -0.982673 0.065420
-0.271356 -0.940987 0.202259
-0.257546 -0.949988 0.176616
0.156200 -0.977776 0.139838
0.280589 -0.959451 0.026917
0.257477 -0.961094 0.100014
0.280589 -0.959451 0.026917
0.156200 -0.977776 0.139838
0.173418 -0.982673 0.065420
0.257477 -0.961094 0.100014
-0.004318 -0.997314 0.073113
-0.049398 -0.991776 0.118068
-0.004318 -0.997314 0.073113
0.257477 -0.961094 0.100014
0.280589 -0.959451 0.026917
-0.579725 -0.756467 0.302781
-0.332474 -0.902088 0.275132
-0.387937 -0.863091 0.323387
-0.332474 -0.902088 0.275132
-0.579725 -0.756467 0.302781
-0.552014 -0.788228 0.271988
0.256433 -0.933808 0.249487
-0.387937 -0.863091 0.323387
-0.332474 -0.902088 0.275132
0.256433 -0.933808 0.249487
-0.332474 -0.902088 0.275132
0.372064 -0.902077 0.218692
0.256433 -0.933808 0.249487
0.316025 -0.936844 0.149840
0.226778 -0.965093 0.131021
0.316025 -0.936844 0.149840
0.256433 -0.933808 0.249487
0.372064 -0.902077 0.218692
0.226778 -0.965093 0.131021
-0.141750 -0.981825 0.126202
-0.162834 -0.982942 0.085498
-0.141750 -0.981825 0.126202
0.226778 -0.965093 0.131021
0.316025 -0.936844 0.149840
-0.162834 -0.982942 0.085498
0.088923 -0.992676 0.081778
0.079729 -0.996761 0.010547
0.088923 -0.992676 0.081778
-0.162834 -0.982942 0.085498
-0.141750 -0.981825 0.126202
0.079729 -0.996761 0.010547
0.095215 -0.992561 0.075877
0.125846 -0.991794 0.022509
0.095215 -0.992561 0.075877
0.079729 -0.996761 0.010547
0.088923 -0.992676 0.081778
0.125846 -0.991794 0.022509
-0.160283 -0.977417 0.137719
-0.142615 -0.978455 0.149291
-0.160283 -0.977417 0.137719
0.125846 -0.991794 0.022509
0.095215 -0.992561 0.075877
-0.142615 -0.978455 0.149291
0.026645 -0.979175 0.201262
0.058347 -0.960679 0.271463
0.026645 -0.979175 0.201262
-0.142615 -0.978455 0.149291
-0.160283 -0.977417 0.137719
0.461577 -0.841624 0.280383
0.058347 -0.960679 0.271463
0.026645 -0.979175 0.201262
0.461577 -0.841624 0.280383
0.026645 -0.979175 0.201262
0.479531 -0.855722 0.194396
0.144864 -0.949161 0.279478
0.461577 -0.841624 0.280383
0.479531 -0.855722 0.194396
0.144864 -0.949161 0.279478
0.479531 -0.855722 0.194396
0.184452 -0.957946 0.219813
0.144864 -0.949161 0.279478
-0.271356 -0.940987 0.202259
-0.281966 -0.929045 0.239523
-0.271356 -0.940987 0.202259
0.144864 -0.949161 0.279478
0.184452 -0.957946 0.219813
-0.281966 -0.929045 0.239523
0.156200 -0.977776 0.139838
0.140826 -0.968149 0.207014
0.156200 -0.977776 0.139838
-0.281966 -0.929045 0.239523
-0.271356 -0.940987 0.202259
0.140826 -0.968149 0.207014
0.257477 -0.961094 0.100014
0.225557 -0.959636 0.167995
0.257477 -0.961094 0.100014
0.140826 -0.968149 0.207014
0.156200 -0.977776 0.139838
0.225557 -0.959636 0.167995
-0.049398 -0.991776 0.118068
-0.111089 -0.979395 0.168653
-0.049398 -0.991776 0.118068
0.225557 -0.959636 0.167995
0.257477 -0.961094 0.100014
-0.597473 -0.739807 0.309373
-0.387937 -0.863091 0.323387
-0.441395 -0.824934 0.353064
-0.387937 -0.863091 0.323387
-0.597473 -0.739807 0.309373
-0.579725 -0.756467 0.302781
0.098203 -0.940280 0.325928
-0.441395 -0.824934 0.353064
-0.387937 -0.863091 0.323387
0.098203 -0.940280 0.325928
-0.387937 -0.863091 0.323387
0.256433 -0.933808 0.249487
0.102339 -0.976116 0.191638
0.098203 -0.940280 0.325928
0.256433 -0.933808 0.249487
0.102339 -0.976116 0.191638
0.256433 -0.933808 0.249487
0.226778 -0.965093 0.131021
0.102339 -0.976116 0.191638
-0.162834 -0.982942 0.085498
-0.181172 -0.977467 0.108329
-0.162834 -0.982942 0.085498
0.102339 -0.976116 0.191638
0.226778 -0.965093 0.131021
-0.181172 -0.977467 0.108329
0.079729 -0.996761 0.010547
0.104912 -0.993613 0.041553
0.079729 -0.996761 0.010547
-0.181172 -0.977467 0.108329
-0.162834 -0.982942 0.085498
0.104912 -0.993613 0.041553
0.125846 -0.991794 0.022509
0.168468 -0.983396 0.067466
0.125846 -0.991794 0.022509
0.104912 -0.993613 0.041553
0.079729 -0.996761 0.010547
0.168468 -0.983396 0.067466
-0.142615 -0.978455 0.149291
-0.108255 -0.971507 0.210843
-0.142615 -0.978455 0.149291
0.168468 -0.983396 0.067466
0.125846 -0.991794 0.022509
-0.108255 -0.971507 0.210843
0.058347 -0.960679 0.271463
0.099799 -0.930427 0.352626
0.058347 -0.960679 0.271463
-0.108255 -0.971507 0.210843
-0.142615 -0.978455 0.149291
0.426944 -0.829379 0.360347
0.099799 -0.930427 0.352626
0.058347 -0.960679 0.271463
0.426944 -0.829379 0.360347
0.058347 -0.960679 0.271463
0.461577 -0.841624 0.280383
0.082876 -0.937276 0.338593
0.426944 -0.829379 0.360347
0.461577 -0.841624 0.280383
0.082876 -0.937276 0.338593
0.461577 -0.841624 0.280383
0.144864 -0.949161 0.279478
0.082876 -0.937276 0.338593
-0.281966 -0.929045 0.239523
-0.290548 -0.912586 0.287694
-0.281966 -0.929045 0.239523
0.082876 -0.937276 0.338593
0.144864 -0.949161 0.279478
-0.290548 -0.912586 0.287694
0.140826 -0.968149 0.207014
0.127258 -0.955818 0.264986
0.140826 -0.968149 0.207014
-0.290548 -0.912586 0.287694
-0.281966 -0.929045 0.239523
0.127258 -0.955818 0.264986
0.225557 -0.959636 0.167995
0.185296 -0.956257 0.226360
0.225557 -0.959636 0.167995
0.127258 -0.955818 0.264986
0.140826 -0.968149 0.207014
0.185296 -0.956257 0.226360
-0.111089 -0.979395 0.168653
-0.187541 -0.956693 0.222638
-0.111089 -0.979395 0.168653
0.185296 -0.956257 0.226360
0.225557 -0.959636 0.167995
-0.483985 -0.795482 0.364647
-0.605869 -0.737412 0.298574
-0.597473 -0.739807 0.309373
-0.597473 -0.739807 0.309373
-0.441395 -0.824934 0.353064
-0.483985 -0.795482 0.364647
-0.056964 -0.905807 0.419844
-0.483985 -0.795482 0.364647
-0.441395 -0.824934 0.353064
-0.441395 -0.824934 0.353064
0.098203 -0.940280 0.325928
-0.056964 -0.905807 0.419844
-0.015051 -0.948414 0.316677
-0.056964 -0.905807 0.419844
0.098203 -0.940280 0.325928
-0.015051 -0.948414 0.316677
0.098203 -0.940280 0.325928
0.102339 -0.976116 0.191638
-0.015051 -0.948414 0.316677
-0.181172 -0.977467 0.108329
-0.192746 -0.951299 0.240581
-0.181172 -0.977467 0.108329
-0.015051 -0.948414 0.316677
0.102339 -0.976116 0.191638
-0.192746 -0.951299 0.240581
0.104912 -0.993613 0.041553
0.126085 -0.963691 0.235376
0.104912 -0.993613 0.041553
-0.192746 -0.951299 0.240581
-0.181172 -0.977467 0.108329
0.126085 -0.963691 0.235376
0.168468 -0.983396 0.067466
0.194422 -0.950571 0.242106
0.168468 -0.983396 0.067466
0.126085 -0.963691 0.235376
0.104912 -0.993613 0.041553
0.194422 -0.950571 0.242106
-0.108255 -0.971507 0.210843
-0.064625 -0.943547 0.324874
-0.108255 -0.971507 0.210843
0.194422 -0.950571 0.242106
0.168468 -0.983396 0.067466
-0.064625 -0.943547 0.324874
0.099799 -0.930427 0.352626
0.137972 -0.886978 0.440720
0.099799 -0.930427 0.352626
-0.064625 -0.943547 0.324874
-0.108255 -0.971507 0.210843
0.375600 -0.819277 0.433255
0.137972 -0.886978 0.440720
0.099799 -0.930427 0.352626
0.375600 -0.819277 0.433255
0.099799 -0.930427 0.352626
0.426944 -0.829379 0.360347
0.006390 -0.918526 0.395309
0.375600 -0.819277 0.433255
0.426944 -0.829379 0.360347
0.006390 -0.918526 0.395309
0.426944 -0.829379 0.360347
0.082876 -0.937276 0.338593
0.006390 -0.918526 0.395309
-0.290548 -0.912586 0.287694
-0.297134 -0.890756 0.343895
-0.290548 -0.912586 0.287694
0.006390 -0.918526 0.395309
0.082876 -0.937276 0.338593
-0.297134 -0.890756 0.343895
0.127258 -0.955818 0.264986
0.114268 -0.943145 0.312122
0.127258 -0.955818 0.264986
-0.297134 -0.890756 0.343895
-0.290548 -0.912586 0.287694
0.114268 -0.943145 0.312122
0.185296 -0.956257 0.226360
0.134440 -0.952552 0.273075
0.185296 -0.956257 0.226360
0.114268 -0.943145 0.312122
0.127258 -0.955818 0.264986
0.134440 -0.952552 0.273075
-0.187541 -0.956693 0.222638
-0.276829 -0.919273 0.279825
-0.187541 -0.956693 0.222638
0.134440 -0.952552 0.273075
0.185296 -0.956257 0.226360
-0.513457 -0.779263 0.359321
-0.605801 -0.745870 0.276918
-0.605869 -0.737412 0.298574
-0.605869 -0.737412 0.298574
-0.483985 -0.795482 0.364647
-0.513457 -0.779263 0.359321
-0.173315 -0.849227 0.498774
-0.513457 -0.779263 0.359321
-0.483985 -0.795482 0.364647
-0.483985 -0.795482 0.364647
-0.056964 -0.905807 0.419844
-0.173315 -0.849227 0.498774
-0.085937 -0.881704 0.463911
-0.173315 -0.849227 0.498774
-0.056964 -0.905807 0.419844
-0.085937 -0.881704 0.463911
-0.056964 -0.905807 0.419844
-0.015051 -0.948414 0.316677
-0.183780 -0.884261 0.429310
-0.085937 -0.881704 0.463911
-0.015051 -0.948414 0.316677
-0.183780 -0.884261 0.429310
-0.015051 -0.948414 0.316677
-0.192746 -0.951299 0.240581
0.099333 -0.865173 0.491537
-0.183780 -0.884261 0.429310
-0.192746 -0.951299 0.240581
0.099333 -0.865173 0.491537
-0.192746 -0.951299 0.240581
0.126085 -0.963691 0.235376
0.174331 -0.863338 0.473557
0.099333 -0.865173 0.491537
0.126085 -0.963691 0.235376
0.174331 -0.863338 0.473557
0.126085 -0.963691 0.235376
0.194422 -0.950571 0.242106
-0.027708 -0.883505 0.467601
0.174331 -0.863338 0.473557
0.194422 -0.950571 0.242106
-0.027708 -0.883505 0.467601
0.194422 -0.950571 0.242106
-0.064625 -0.943547 0.324874
0.161054 -0.834434 0.527049
-0.027708 -0.883505 0.467601
-0.064625 -0.943547 0.324874
0.161054 -0.834434 0.527049
-0.064625 -0.943547 0.324874
0.137972 -0.886978 0.440720
0.308080 -0.810669 0.497899
0.161054 -0.834434 0.527049
0.137972 -0.886978 0.440720
0.308080 -0.810669 0.497899
0.137972 -0.886978 0.440720
0.375600 -0.819277 0.433255
0.308080 -0.810669 0.497899
0.006390 -0.918526 0.395309
-0.074698 -0.890153 0.449498
0.006390 -0.918526 0.395309
0.308080 -0.810669 0.497899
0.375600 -0.819277 0.433255
-0.074698 -0.890153 0.449498
-0.297134 -0.890756 0.343895
-0.300846 -0.864122 0.403466
-0.297134 -0.890756 0.343895
-0.074698 -0.890153 0.449498
0.006390 -0.918526 0.395309
-0.300846 -0.864122 0.403466
0.114268 -0.943145 0.312122
0.100082 -0.932372 0.347370
0.114268 -0.943145 0.312122
-0.300846 -0.864122 0.403466
-0.297134 -0.890756 0.343895
0.100082 -0.932372 0.347370
0.134440 -0.952552 0.273075
0.067923 -0.948221 0.310263
0.134440 -0.952552 0.273075
0.100082 -0.932372 0.347370
0.114268 -0.943145 0.312122
0.067923 -0.948221 0.310263
-0.276829 -0.919273 0.279825
-0.374716 -0.861233 0.343316
-0.276829 -0.919273 0.279825
0.067923 -0.948221 0.310263
0.134440 -0.952552 0.273075
-0.532142 -0.775633 0.339440
-0.602539 -0.755954 0.255889
-0.605801 -0.745870 0.276918
-0.605801 -0.745870 0.276918
-0.513457 -0.779263 0.359321
-0.532142 -0.775633 0.339440
-0.245696 -0.799655 0.547891
-0.532142 -0.775633 0.339440
-0.513457 -0.779263 0.359321
-0.513457 -0.779263 0.359321
-0.173315 -0.849227 0.498774
-0.245696 -0.799655 0.547891
-0.105273 -0.791933 0.601464
-0.245696 -0.799655 0.547891
-0.173315 -0.849227 0.498774
-0.173315 -0.849227 0.498774
-0.085937 -0.881704 0.463911
-0.105273 -0.791933 0.601464
-0.151688 -0.775531 0.612815
-0.105273 -0.791933 0.601464
-0.085937 -0.881704 0.463911
-0.085937 -0.881704 0.463911
-0.183780 -0.884261 0.429310
-0.151688 -0.775531 0.612815
0.043390 -0.718827 0.693834
-0.151688 -0.775531 0.612815
-0.183780 -0.884261 0.429310
-0.183780 -0.884261 0.429310
0.099333 -0.865173 0.491537
0.043390 -0.718827 0.693834
0.113851 -0.738810 0.664227
0.043390 -0.718827 0.693834
0.099333 -0.865173 0.491537
0.099333 -0.865173 0.491537
0.174331 -0.863338 0.473557
0.113851 -0.738810 0.664227
-0.012043 -0.800695 0.598951
0.113851 -0.738810 0.664227
0.174331 -0.863338 0.473557
-0.012043 -0.800695 0.598951
0.174331 -0.863338 0.473557
-0.027708 -0.883505 0.467601
0.162197 -0.782772 0.600800
-0.012043 -0.800695 0.598951
-0.027708 -0.883505 0.467601
0.162197 -0.782772 0.600800
-0.027708 -0.883505 0.467601
0.161054 -0.834434 0.527049
0.227258 -0.802318 0.551942
0.162197 -0.782772 0.600800
0.161054 -0.834434 0.527049
0.227258 -0.802318 0.551942
0.161054 -0.834434 0.527049
0.308080 -0.810669 0.497899
0.227258 -0.802318 0.551942
-0.074698 -0.890153 0.449498
-0.151738 -0.852166 0.500788
-0.074698 -0.890153 0.449498
0.227258 -0.802318 0.551942
0.308080 -0.810669 0.497899
-0.151738 -0.852166 0.500788
-0.300846 -0.864122 0.403466
-0.300337 -0.835156 0.460773
-0.300846 -0.864122 0.403466
-0.151738 -0.852166 0.500788
-0.074698 -0.890153 0.449498
-0.300337 -0.835156 0.460773
0.100082 -0.932372 0.347370
0.082398 -0.925211 0.370398
0.100082 -0.932372 0.347370
-0.300337 -0.835156 0.460773
-0.300846 -0.864122 0.403466
0.082398 -0.925211 0.370398
0.067923 -0.948221 0.310263
-0.027613 -0.942717 0.332448
0.067923 -0.948221 0.310263
0.082398 -0.925211 0.370398
0.100082 -0.932372 0.347370
-0.027613 -0.942717 0.332448
-0.374716 -0.861233 0.343316
-0.490796 -0.791644 0.363894
-0.374716 -0.861233 0.343316
-0.027613 -0.942717 0.332448
0.067923 -0.948221 0.310263
-0.570411 -0.769367 0.287585
-0.601209 -0.759448 0.248568
-0.602539 -0.755954 0.255889
-0.602539 -0.755954 0.255889
-0.532142 -0.775633 0.339440
-0.570411 -0.769367 0.287585
-0.366111 -0.793235 0.486561
-0.570411 -0.769367 0.287585
-0.532142 -0.775633 0.339440
-0.532142 -0.775633 0.339440
-0.245696 -0.799655 0.547891
-0.366111 -0.793235 0.486561
-0.097556 -0.746116 0.658630
-0.366111 -0.793235 0.486561
-0.245696 -0.799655 0.547891
-0.245696 -0.799655 0.547891
-0.105273 -0.791933 0.601464
-0.097556 -0.746116 0.658630
-0.137404 -0.729432 0.670111
-0.097556 -0.746116 0.658630
-0.105273 -0.791933 0.601464
-0.105273 -0.791933 0.601464
-0.151688 -0.775531 0.612815
-0.137404 -0.729432 0.670111
-0.017915 -0.648637 0.760887
-0.137404 -0.729432 0.670111
-0.151688 -0.775531 0.612815
-0.151688 -0.775531 0.612815
0.043390 -0.718827 0.693834
-0.017915 -0.648637 0.760887
0.093517 -0.653179 0.751406
-0.017915 -0.648637 0.760887
0.043390 -0.718827 0.693834
0.043390 -0.718827 0.693834
0.113851 -0.738810 0.664227
0.093517 -0.653179 0.751406
-0.011553 -0.753399 0.657462
0.093517 -0.653179 0.751406
0.113851 -0.738810 0.664227
-0.011553 -0.753399 0.657462
0.113851 -0.738810 0.664227
-0.012043 -0.800695 0.598951
0.158662 -0.757212 0.633606
-0.011553 -0.753399 0.657462
-0.012043 -0.800695 0.598951
0.158662 -0.757212 0.633606
-0.012043 -0.800695 0.598951
0.162197 -0.782772 0.600800
0.157021 -0.806710 0.569704
0.158662 -0.757212 0.633606
0.162197 -0.782772 0.600800
0.157021 -0.806710 0.569704
0.162197 -0.782772 0.600800
0.227258 -0.802318 0.551942
0.157021 -0.806710 0.569704
-0.151738 -0.852166 0.500788
-0.240489 -0.818552 0.521668
-0.151738 -0.852166 0.500788
0.157021 -0.806710 0.569704
0.227258 -0.802318 0.551942
-0.240489 -0.818552 0.521668
-0.300337 -0.835156 0.460773
-0.264946 -0.835959 0.480600
-0.300337 -0.835156 0.460773
-0.240489 -0.818552 0.521668
-0.151738 -0.852166 0.500788
-0.264946 -0.835959 0.480600
0.082398 -0.925211 0.370398
0.156284 -0.929283 0.334677
0.082398 -0.925211 0.370398
-0.264946 -0.835959 0.480600
-0.300337 -0.835156 0.460773
0.156284 -0.929283 0.334677
-0.027613 -0.942717 0.332448
-0.254809 -0.899677 0.354478
-0.027613 -0.942717 0.332448
0.156284 -0.929283 0.334677
0.082398 -0.925211 0.370398
-0.254809 -0.899677 0.354478
-0.490796 -0.791644 0.363894
-0.534093 -0.763873 0.362274
-0.490796 -0.791644 0.363894
-0.254809 -0.899677 0.354478
-0.027613 -0.942717 0.332448
0.022861 0.999738 -0.001374
0.031893 0.999404 -0.013216
0.027768 0.999603 -0.004696
0.031893 0.999404 -0.013216
0.022861 0.999738 -0.001374
0.024139 0.999678 -0.007863
0.002256 0.999948 0.009925
0.027768 0.999603 -0.004696
-0.000631 0.999968 0.007942
0.027768 0.999603 -0.004696
0.002256 0.999948 0.009925
0.022861 0.999738 -0.001374
-0.009447 0.999831 0.015769
-0.000631 0.999968 0.007942
-0.007069 0.999912 0.011267
-0.000631 0.999968 0.007942
-0.009447 0.999831 0.015769
0.002256 0.999948 0.009925
-0.007069 0.999912 0.011267
0.008181 0.999710 0.022641
-0.009447 0.999831 0.015769
0.008181 0.999710 0.022641
-0.007069 0.999912 0.011267
0.012700 0.999773 0.017084
-0.002005 0.999511 0.031205
0.012700 0.999773 0.017084
-0.008096 0.999661 0.024756
0.012700 0.999773 0.017084
-0.002005 0.999511 0.031205
0.008181 0.999710 0.022641
-0.009156 0.999674 0.023844
-0.008096 0.999661 0.024756
-0.014268 0.999767 0.016205
-0.008096 0.999661 0.024756
-0.009156 0.999674 0.023844
-0.002005 0.999511 0.031205
-0.014268 0.999767 0.016205
0.008223 0.999909 0.010698
-0.009156 0.999674 0.023844
0.008223 0.999909 0.010698
-0.014268 0.999767 0.016205
0.007639 0.999953 0.005959
0.007639 0.999953 0.005959
-0.016307 0.999821 0.009636
0.008223 0.999909 0.010698
-0.016307 0.999821 0.009636
0.007639 0.999953 0.005959
-0.021040 0.999752 0.007239
-0.021040 0.999752 0.007239
-0.027803 0.999611 0.002004
-0.016307 0.999821 0.009636
-0.027803 0.999611 0.002004
-0.021040 0.999752 0.007239
-0.034685 0.999398 -0.000274
-0.034685 0.999398 -0.000274
0.013613 0.999833 -0.012232
-0.027803 0.999611 0.002004
0.013613 0.999833 -0.012232
0.018860 0.999786 -0.008461
-0.027803 0.999611 0.002004
0.017203 0.999842 -0.004434
0.018860 0.999786 -0.008461
0.021419 0.999728 -0.009279
0.013613 0.999833 -0.012232
0.021419 0.999728 -0.009279
0.018860 0.999786 -0.008461
0.021419 0.999728 -0.009279
-0.044395 0.999007 0.003714
0.017203 0.999842 -0.004434
-0.044395 0.999007 0.003714
0.021419 0.999728 -0.009279
-0.050240 0.998737 0.000173
-0.050240 0.998737 0.000173
-0.045709 0.998951 0.002820
-0.044395 0.999007 0.003714
-0.045709 0.998951 0.002820
-0.050240 0.998737 0.000173
-0.046417 0.998922 -0.000995
-0.046417 0.998922 -0.000995
0.012958 0.999899 -0.005859
-0.045709 0.998951 0.002820
0.012958 0.999899 -0.005859
0.014912 0.999883 -0.003500
-0.045709 0.998951 0.002820
0.027768 0.999603 -0.004696
0.066847 0.997625 -0.016582
0.042096 0.999090 0.006908
0.066847 0.997625 -0.016582
0.027768 0.999603 -0.004696
0.031893 0.999404 -0.013216
-0.000631 0.999968 0.007942
0.042096 0.999090 0.006908
-0.014189 0.999894 0.003203
0.042096 0.999090 0.006908
-0.000631 0.999968 0.007942
0.027768 0.999603 -0.004696
-0.007069 0.999912 0.011267
-0.014189 0.999894 0.003203
-0.003535 0.999994 0.000533
-0.014189 0.999894 0.003203
-0.007069 0.999912 0.011267
-0.000631 0.999968 0.007942
-0.003535 0.999994 0.000533
0.012700 0.999773 0.017084
-0.007069 0.999912 0.011267
0.012700 0.999773 0.017084
-0.003535 0.999994 0.000533
0.024288 0.999530 0.018698
-0.008096 0.999661 0.024756
0.024288 0.999530 0.018698
-0.022284 0.999548 0.020196
0.024288 0.999530 0.018698
-0.008096 0.999661 0.024756
0.012700 0.999773 0.017084
-0.014268 0.999767 0.016205
-0.022284 0.999548 0.020196
-0.030212 0.999539 0.003000
-0.022284 0.999548 0.020196
-0.014268 0.999767 0.016205
-0.008096 0.999661 0.024756
-0.030212 0.999539 0.003000
0.007639 0.999953 0.005959
-0.014268 0.999767 0.016205
0.007639 0.999953 0.005959
-0.030212 0.999539 0.003000
0.011564 0.999933 0.000256
0.011564 0.999933 0.000256
-0.021040 0.999752 0.007239
0.007639 0.999953 0.005959
-0.021040 0.999752 0.007239
0.011564 0.999933 0.000256
-0.025076 0.999588 0.013984
-0.025076 0.999588 0.013984
-0.034685 0.999398 -0.000274
-0.021040 0.999752 0.007239
-0.034685 0.999398 -0.000274
-0.025076 0.999588 0.013984
-0.065696 0.997828 0.004833
-0.065696 0.997828 0.004833
0.013613 0.999833 -0.012232
-0.034685 0.999398 -0.000274
0.013613 0.999833 -0.012232
-0.065696 0.997828 0.004833
-0.002702 0.999378 -0.035152
0.021419 0.999728 -0.009279
0.013613 0.999833 -0.012232
0.036244 0.998937 -0.028492
-0.002702 0.999378 -0.035152
0.036244 0.998937 -0.028492
0.013613 0.999833 -0.012232
0.036244 0.998937 -0.028492
-0.044300 0.998913 0.014539
0.021419 0.999728 -0.009279
-0.044300 0.998913 0.014539
-0.050240 0.998737 0.000173
0.021419 0.999728 -0.009279
-0.044300 0.998913 0.014539
-0.046417 0.998922 -0.000995
-0.050240 0.998737 0.000173
-0.046417 0.998922 -0.000995
-0.044300 0.998913 0.014539
-0.098819 0.994057 0.045665
-0.098819 0.994057 0.045665
0.008765 0.999435 -0.032459
-0.046417 0.998922 -0.000995
0.008765 0.999435 -0.032459
0.012958 0.999899 -0.005859
-0.046417 0.998922 -0.000995
0.154549 0.987984 0.001467
0.079261 0.996458 0.028106
0.066847 0.997625 -0.016582
0.079261 0.996458 0.028106
0.042096 0.999090 0.006908
0.066847 0.997625 -0.016582
0.079261 0.996458 0.028106
-0.046942 0.998591 -0.024746
0.042096 0.999090 0.006908
-0.046942 0.998591 -0.024746
-0.014189 0.999894 0.003203
0.042096 0.999090 0.006908
-0.014189 0.999894 0.003203
-0.046942 0.998591 -0.024746
-0.021501 0.998525 -0.049852
-0.021501 0.998525 -0.049852
-0.003535 0.999994 0.000533
-0.014189 0.999894 0.003203
-0.021501 0.998525 -0.049852
0.044933 0.998987 0.002287
-0.003535 0.999994 0.000533
0.044933 0.998987 0.002287
0.024288 0.999530 0.018698
-0.003535 0.999994 0.000533
0.044933 0.998987 0.002287
-0.041356 0.999093 -0.010106
0.024288 0.999530 0.018698
-0.041356 0.999093 -0.010106
-0.022284 0.999548 0.020196
0.024288 0.999530 0.018698
-0.041356 0.999093 -0.010106
-0.053392 0.997568 -0.044807
-0.022284 0.999548 0.020196
-0.053392 0.997568 -0.044807
-0.030212 0.999539 0.003000
-0.022284 0.999548 0.020196
-0.053392 0.997568 -0.044807
0.032024 0.999302 -0.019247
-0.030212 0.999539 0.003000
0.032024 0.999302 -0.019247
0.011564 0.999933 0.000256
-0.030212 0.999539 0.003000
-0.025076 0.999588 0.013984
0.032024 0.999302 -0.019247
-0.035968 0.998678 0.036728
0.032024 0.999302 -0.019247
-0.025076 0.999588 0.013984
0.011564 0.999933 0.000256
-0.065696 0.997828 0.004833
-0.035968 0.998678 0.036728
-0.132371 0.990944 0.022518
-0.035968 0.998678 0.036728
-0.065696 0.997828 0.004833
-0.025076 0.999588 0.013984
-0.002702 0.999378 -0.035152
-0.132371 0.990944 0.022518
-0.030671 0.996858 -0.073026
-0.132371 0.990944 0.022518
-0.002702 0.999378 -0.035152
-0.065696 0.997828 0.004833
0.036244 0.998937 -0.028492
-0.030671 0.996858 -0.073026
0.066671 0.995724 -0.063942
-0.030671 0.996858 -0.073026
0.036244 0.998937 -0.028492
-0.002702 0.999378 -0.035152
-0.044300 0.998913 0.014539
0.066671 0.995724 -0.063942
-0.085528 0.993011 0.081322
0.066671 0.995724 -0.063942
-0.044300 0.998913 0.014539
0.036244 0.998937 -0.028492
-0.098819 0.994057 0.045665
-0.085528 0.993011 0.081322
-0.162621 0.980968 0.106091
-0.085528 0.993011 0.081322
-0.098819 0.994057 0.045665
-0.044300 0.998913 0.014539
0.008765 0.999435 -0.032459
-0.162621 0.980968 0.106091
0.002655 0.997672 -0.068147
-0.162621 0.980968 0.106091
0.008765 0.999435 -0.032459
-0.098819 0.994057 0.045665
0.079261 0.996458 0.028106
0.154549 0.987984 0.001467
0.140856 0.989667 0.026811
0.265681 0.964009 -0.010006
0.140856 0.989667 0.026811
0.154549 0.987984 0.001467
0.140856 0.989667 0.026811
-0.120636 0.989146 -0.083889
0.079261 0.996458 0.028106
-0.120636 0.989146 -0.083889
-0.046942 0.998591 -0.024746
0.079261 0.996458 0.028106
-0.046942 0.998591 -0.024746
-0.120636 0.989146 -0.083889
-0.088085 0.980916 -0.173333
-0.088085 0.980916 -0.173333
-0.021501 0.998525 -0.049852
-0.046942 0.998591 -0.024746
-0.088085 0.980916 -0.173333
0.069583 0.993583 -0.089170
-0.021501 0.998525 -0.049852
0.069583 0.993583 -0.089170
0.044933 0.998987 0.002287
-0.021501 0.998525 -0.049852
0.069583 0.993583 -0.089170
-0.052490 0.991923 -0.115469
0.044933 0.998987 0.002287
-0.052490 0.991923 -0.115469
-0.041356 0.999093 -0.010106
0.044933 0.998987 0.002287
-0.052490 0.991923 -0.115469
-0.071902 0.985363 -0.154563
-0.041356 0.999093 -0.010106
-0.071902 0.985363 -0.154563
-0.053392 0.997568 -0.044807
-0.041356 0.999093 -0.010106
-0.071902 0.985363 -0.154563
0.072755 0.994262 -0.078421
-0.053392 0.997568 -0.044807
0.072755 0.994262 -0.078421
0.032024 0.999302 -0.019247
-0.053392 0.997568 -0.044807
-0.035968 0.998678 0.036728
0.072755 0.994262 -0.078421
-0.046438 0.997946 0.044118
0.072755 0.994262 -0.078421
-0.035968 0.998678 0.036728
0.032024 0.999302 -0.019247
-0.132371 0.990944 0.022518
-0.046438 0.997946 0.044118
-0.237929 0.970623 0.035783
-0.046438 0.997946 0.044118
-0.132371 0.990944 0.022518
-0.035968 0.998678 0.036728
-0.030671 0.996858 -0.073026
-0.237929 0.970623 0.035783
-0.076425 0.991478 -0.105497
-0.237929 0.970623 0.035783
-0.030671 0.996858 -0.073026
-0.132371 0.990944 0.022518
0.066671 0.995724 -0.063942
-0.076425 0.991478 -0.105497
0.119105 0.987771 -0.100610
-0.076425 0.991478 -0.105497
0.066671 0.995724 -0.063942
-0.030671 0.996858 -0.073026
-0.085528 0.993011 0.081322
0.119105 0.987771 -0.100610
-0.147011 0.979419 0.138300
0.119105 0.987771 -0.100610
-0.085528 0.993011 0.081322
0.066671 0.995724 -0.063942
-0.162621 0.980968 0.106091
-0.147011 0.979419 0.138300
-0.212501 0.972484 0.095487
-0.147011 0.979419 0.138300
-0.162621 0.980968 0.106091
-0.085528 0.993011 0.081322
0.002655 0.997672 -0.068147
-0.212501 0.972484 0.095487
-0.008235 0.997270 -0.073376
-0.212501 0.972484 0.095487
0.002655 0.997672 -0.068147
-0.162621 0.980968 0.106091
0.140856 0.989667 0.026811
0.265681 0.964009 -0.010006
0.199927 0.979663 -0.017027
0.373145 0.925992 -0.057458
0.199927 0.979663 -0.017027
0.265681 0.964009 -0.010006
0.199927 0.979663 -0.017027
-0.240770 0.956596 -0.164178
0.140856 0.989667 0.026811
-0.240770 0.956596 -0.164178
-0.120636 0.989146 -0.083889
0.140856 0.989667 0.026811
-0.120636 0.989146 -0.083889
-0.240770 0.956596 -0.164178
-0.199976 0.935724 -0.290569
-0.199976 0.935724 -0.290569
-0.088085 0.980916 -0.173333
-0.120636 0.989146 -0.083889
-0.199976 0.935724 -0.290569
0.093492 0.979292 -0.179573
-0.088085 0.980916 -0.173333
0.093492 0.979292 -0.179573
0.069583 0.993583 -0.089170
-0.088085 0.980916 -0.173333
0.093492 0.979292 -0.179573
-0.058997 0.973733 -0.219917
0.069583 0.993583 -0.089170
-0.058997 0.973733 -0.219917
-0.052490 0.991923 -0.115469
0.069583 0.993583 -0.089170
-0.058997 0.973733 -0.219917
-0.076527 0.963550 -0.256350
-0.052490 0.991923 -0.115469
-0.076527 0.963550 -0.256350
-0.071902 0.985363 -0.154563
-0.052490 0.991923 -0.115469
-0.076527 0.963550 -0.256350
0.122147 0.980813 -0.151938
-0.071902 0.985363 -0.154563
0.122147 0.980813 -0.151938
0.072755 0.994262 -0.078421
-0.071902 0.985363 -0.154563
-0.046438 0.997946 0.044118
0.072755 0.994262 -0.078421
-0.037878 0.999212 0.011862
0.122147 0.980813 -0.151938
-0.037878 0.999212 0.011862
0.072755 0.994262 -0.078421
-0.237929 0.970623 0.035783
-0.037878 0.999212 0.011862
-0.357353 0.933491 0.029904
-0.037878 0.999212 0.011862
-0.237929 0.970623 0.035783
-0.046438 0.997946 0.044118
-0.076425 0.991478 -0.105497
-0.357353 0.933491 0.029904
-0.136838 0.982476 -0.126558
-0.357353 0.933491 0.029904
-0.076425 0.991478 -0.105497
-0.237929 0.970623 0.035783
0.119105 0.987771 -0.100610
-0.136838 0.982476 -0.126558
0.180676 0.974686 -0.131697
-0.136838 0.982476 -0.126558
0.119105 0.987771 -0.100610
-0.076425 0.991478 -0.105497
-0.147011 0.979419 0.138300
0.180676 0.974686 -0.131697
-0.173152 0.979277 0.105043
0.180676 0.974686 -0.131697
-0.147011 0.979419 0.138300
0.119105 0.987771 -0.100610
-0.212501 0.972484 0.095487
-0.173152 0.979277 0.105043
-0.259564 0.963062 0.071677
-0.173152 0.979277 0.105043
-0.212501 0.972484 0.095487
-0.147011 0.979419 0.138300
-0.008235 0.997270 -0.073376
-0.259564 0.963062 0.071677
-0.019810 0.997227 -0.071740
-0.259564 0.963062 0.071677
-0.008235 0.997270 -0.073376
-0.212501 0.972484 0.095487
0.199927 0.979663 -0.017027
0.373145 0.925992 -0.057458
0.246421 0.962947 -0.109586
0.458307 0.878781 -0.133034
0.246421 0.962947 -0.109586
0.373145 0.925992 -0.057458
0.246421 0.962947 -0.109586
-0.353358 0.909040 -0.220871
0.199927 0.979663 -0.017027
-0.353358 0.909040 -0.220871
-0.240770 0.956596 -0.164178
0.199927 0.979663 -0.017027
-0.240770 0.956596 -0.164178
-0.353358 0.909040 -0.220871
-0.301783 0.908488 -0.289097
-0.301783 0.908488 -0.289097
-0.199976 0.935724 -0.290569
-0.240770 0.956596 -0.164178
0.093492 0.979292 -0.179573
-0.199976 0.935724 -0.290569
0.111612 0.976801 -0.182763
-0.301783 0.908488 -0.289097
0.111612 0.976801 -0.182763
-0.199976 0.935724 -0.290569
0.111612 0.976801 -0.182763
-0.082174 0.972683 -0.217106
0.093492 0.979292 -0.179573
-0.082174 0.972683 -0.217106
-0.058997 0.973733 -0.219917
0.093492 0.979292 -0.179573
-0.082174 0.972683 -0.217106
-0.078056 0.966492 -0.244539
-0.058997 0.973733 -0.219917
-0.078056 0.966492 -0.244539
-0.076527 0.963550 -0.256350
-0.058997 0.973733 -0.219917
0.122147 0.980813 -0.151938
-0.076527 0.963550 -0.256350
0.155764 0.971367 -0.179401
-0.078056 0.966492 -0.244539
0.155764 0.971367 -0.179401
-0.076527 0.963550 -0.256350
-0.037878 0.999212 0.011862
0.122147 0.980813 -0.151938
-0.021051 0.997965 -0.060196
0.155764 0.971367 -0.179401
-0.021051 0.997965 -0.060196
0.122147 0.980813 -0.151938
-0.021051 0.997965 -0.060196
-0.357353 0.933491 0.029904
-0.037878 0.999212 0.011862
-0.357353 0.933491 0.029904
-0.021051 0.997965 -0.060196
-0.443767 0.895832 -0.023564
-0.136838 0.982476 -0.126558
-0.443767 0.895832 -0.023564
-0.178614 0.974153 -0.138285
-0.443767 0.895832 -0.023564
-0.136838 0.982476 -0.126558
-0.357353 0.933491 0.029904
0.180676 0.974686 -0.131697
-0.178614 0.974153 -0.138285
0.230765 0.960755 -0.153937
-0.178614 0.974153 -0.138285
0.180676 0.974686 -0.131697
-0.136838 0.982476 -0.126558
-0.173152 0.979277 0.105043
0.230765 0.960755 -0.153937
-0.179891 0.983376 0.024702
0.230765 0.960755 -0.153937
-0.173152 0.979277 0.105043
0.180676 0.974686 -0.131697
-0.259564 0.963062 0.071677
-0.179891 0.983376 0.024702
-0.285152 0.958044 0.028966
-0.179891 0.983376 0.024702
-0.259564 0.963062 0.071677
-0.173152 0.979277 0.105043
-0.019810 0.997227 -0.071740
-0.285152 0.958044 0.028966
-0.020397 0.998193 -0.056526
-0.285152 0.958044 0.028966
-0.019810 0.997227 -0.071740
-0.259564 0.963062 0.071677
0.246421 0.962947 -0.109586
0.458307 0.878781 -0.133034
0.287562 0.935073 -0.207234
0.514319 0.830801 -0.212711
0.287562 0.935073 -0.207234
0.458307 0.878781 -0.133034
0.287562 0.935073 -0.207234
-0.407017 0.883798 -0.230733
0.246421 0.962947 -0.109586
-0.407017 0.883798 -0.230733
-0.353358 0.909040 -0.220871
0.246421 0.962947 -0.109586
-0.407017 0.883798 -0.230733
-0.301783 0.908488 -0.289097
-0.353358 0.909040 -0.220871
-0.301783 0.908488 -0.289097
-0.407017 0.883798 -0.230733
-0.348714 0.912211 -0.215106
0.111612 0.976801 -0.182763
-0.301783 0.908488 -0.289097
0.116258 0.981520 -0.151997
-0.348714 0.912211 -0.215106
0.116258 0.981520 -0.151997
-0.301783 0.908488 -0.289097
0.116258 0.981520 -0.151997
-0.103965 0.983075 -0.150845
0.111612 0.976801 -0.182763
-0.103965 0.983075 -0.150845
-0.082174 0.972683 -0.217106
0.111612 0.976801 -0.182763
-0.103965 0.983075 -0.150845
-0.082133 0.984028 -0.157936
-0.082174 0.972683 -0.217106
-0.082133 0.984028 -0.157936
-0.078056 0.966492 -0.244539
-0.082174 0.972683 -0.217106
0.155764 0.971367 -0.179401
-0.078056 0.966492 -0.244539
0.165422 0.973779 -0.156175
-0.082133 0.984028 -0.157936
0.165422 0.973779 -0.156175
-0.078056 0.966492 -0.244539
-0.021051 0.997965 -0.060196
0.155764 0.971367 -0.179401
-0.014831 0.990126 -0.139390
0.165422 0.973779 -0.156175
-0.014831 0.990126 -0.139390
0.155764 0.971367 -0.179401
-0.014831 0.990126 -0.139390
-0.443767 0.895832 -0.023564
-0.021051 0.997965 -0.060196
-0.443767 0.895832 -0.023564
-0.014831 0.990126 -0.139390
-0.477872 0.872011 -0.105996
-0.477872 0.872011 -0.105996
-0.178614 0.974153 -0.138285
-0.443767 0.895832 -0.023564
-0.178614 0.974153 -0.138285
-0.477872 0.872011 -0.105996
-0.196205 0.966673 -0.164461
0.230765 0.960755 -0.153937
-0.196205 0.966673 -0.164461
0.257639 0.949920 -0.176846
-0.196205 0.966673 -0.164461
0.230765 0.960755 -0.153937
-0.178614 0.974153 -0.138285
-0.179891 0.983376 0.024702
0.257639 0.949920 -0.176846
-0.173599 0.982662 -0.065110
0.257639 0.949920 -0.176846
-0.179891 0.983376 0.024702
0.230765 0.960755 -0.153937
-0.285152 0.958044 0.028966
-0.173599 0.982662 -0.065110
-0.282801 0.958819 -0.026243
-0.173599 0.982662 -0.065110
-0.285152 0.958044 0.028966
-0.179891 0.983376 0.024702
-0.020397 0.998193 -0.056526
-0.282801 0.958819 -0.026243
0.002729 0.997324 -0.073062
-0.282801 0.958819 -0.026243
-0.020397 0.998193 -0.056526
-0.285152 0.958044 0.028966
0.287562 0.935073 -0.207234
0.552555 0.787732 -0.272327
0.334208 0.901372 -0.275378
0.552555 0.787732 -0.272327
0.287562 0.935073 -0.207234
0.514319 0.830801 -0.212711
0.334208 0.901372 -0.275378
-0.369184 0.903401 -0.218103
0.287562 0.935073 -0.207234
-0.369184 0.903401 -0.218103
-0.407017 0.883798 -0.230733
0.287562 0.935073 -0.207234
-0.348714 0.912211 -0.215106
-0.369184 0.903401 -0.218103
-0.317497 0.936538 -0.148637
-0.369184 0.903401 -0.218103
-0.348714 0.912211 -0.215106
-0.407017 0.883798 -0.230733
0.116258 0.981520 -0.151997
-0.317497 0.936538 -0.148637
0.139528 0.982102 -0.126522
-0.317497 0.936538 -0.148637
0.116258 0.981520 -0.151997
-0.348714 0.912211 -0.215106
-0.103965 0.983075 -0.150845
0.116258 0.981520 -0.151997
-0.088918 0.992682 -0.081711
0.139528 0.982102 -0.126522
-0.088918 0.992682 -0.081711
0.116258 0.981520 -0.151997
-0.082133 0.984028 -0.157936
-0.103965 0.983075 -0.150845
-0.095106 0.992566 -0.075948
-0.088918 0.992682 -0.081711
-0.095106 0.992566 -0.075948
-0.103965 0.983075 -0.150845
0.165422 0.973779 -0.156175
-0.095106 0.992566 -0.075948
0.160885 0.977340 -0.137561
-0.095106 0.992566 -0.075948
0.165422 0.973779 -0.156175
-0.082133 0.984028 -0.157936
-0.014831 0.990126 -0.139390
0.160885 0.977340 -0.137561
-0.027481 0.979152 -0.201261
0.160885 0.977340 -0.137561
-0.014831 0.990126 -0.139390
0.165422 0.973779 -0.156175
-0.027481 0.979152 -0.201261
-0.477872 0.872011 -0.105996
-0.014831 0.990126 -0.139390
-0.477872 0.872011 -0.105996
-0.027481 0.979152 -0.201261
-0.477998 0.856518 -0.194667
-0.477998 0.856518 -0.194667
-0.183133 0.958203 -0.219792
-0.477872 0.872011 -0.105996
-0.183133 0.958203 -0.219792
-0.196205 0.966673 -0.164461
-0.477872 0.872011 -0.105996
0.257639 0.949920 -0.176846
-0.183133 0.958203 -0.219792
0.271362 0.940919 -0.202568
-0.183133 0.958203 -0.219792
0.257639 0.949920 -0.176846
-0.196205 0.966673 -0.164461
-0.173599 0.982662 -0.065110
0.271362 0.940919 -0.202568
-0.156277 0.977807 -0.139543
0.271362 0.940919 -0.202568
-0.173599 0.982662 -0.065110
0.257639 0.949920 -0.176846
-0.156277 0.977807 -0.139543
-0.282801 0.958819 -0.026243
-0.173599 0.982662 -0.065110
-0.282801 0.958819 -0.026243
-0.156277 0.977807 -0.139543
-0.259661 0.960556 -0.099542
-0.259661 0.960556 -0.099542
0.002729 0.997324 -0.073062
-0.282801 0.958819 -0.026243
0.002729 0.997324 -0.073062
-0.259661 0.960556 -0.099542
0.047671 0.991834 -0.118296
0.580111 0.756054 -0.303074
0.334208 0.901372 -0.275378
0.552555 0.787732 -0.272327
0.334208 0.901372 -0.275378
0.580111 0.756054 -0.303074
0.389427 0.862238 -0.323871
0.389427 0.862238 -0.323871
-0.369184 0.903401 -0.218103
0.334208 0.901372 -0.275378
-0.369184 0.903401 -0.218103
0.389427 0.862238 -0.323871
-0.255052 0.934528 -0.248204
-0.317497 0.936538 -0.148637
-0.255052 0.934528 -0.248204
-0.228892 0.964818 -0.129366
-0.255052 0.934528 -0.248204
-0.317497 0.936538 -0.148637
-0.369184 0.903401 -0.218103
0.139528 0.982102 -0.126522
-0.228892 0.964818 -0.129366
0.161356 0.983139 -0.086036
-0.228892 0.964818 -0.129366
0.139528 0.982102 -0.126522
-0.317497 0.936538 -0.148637
-0.088918 0.992682 -0.081711
0.161356 0.983139 -0.086036
-0.079518 0.996777 -0.010610
0.161356 0.983139 -0.086036
-0.088918 0.992682 -0.081711
0.139528 0.982102 -0.126522
-0.095106 0.992566 -0.075948
-0.079518 0.996777 -0.010610
-0.125843 0.991791 -0.022675
-0.079518 0.996777 -0.010610
-0.095106 0.992566 -0.075948
-0.088918 0.992682 -0.081711
0.160885 0.977340 -0.137561
-0.125843 0.991791 -0.022675
0.143205 0.978421 -0.148943
-0.125843 0.991791 -0.022675
0.160885 0.977340 -0.137561
-0.095106 0.992566 -0.075948
-0.027481 0.979152 -0.201261
0.143205 0.978421 -0.148943
-0.059228 0.960615 -0.271498
0.143205 0.978421 -0.148943
-0.027481 0.979152 -0.201261
0.160885 0.977340 -0.137561
-0.059228 0.960615 -0.271498
-0.460550 0.842150 -0.280495
-0.027481 0.979152 -0.201261
-0.460550 0.842150 -0.280495
-0.477998 0.856518 -0.194667
-0.027481 0.979152 -0.201261
-0.460550 0.842150 -0.280495
-0.143751 0.949359 -0.279380
-0.477998 0.856518 -0.194667
-0.143751 0.949359 -0.279380
-0.183133 0.958203 -0.219792
-0.477998 0.856518 -0.194667
0.271362 0.940919 -0.202568
-0.143751 0.949359 -0.279380
0.282015 0.928923 -0.239936
-0.143751 0.949359 -0.279380
0.271362 0.940919 -0.202568
-0.183133 0.958203 -0.219792
-0.156277 0.977807 -0.139543
0.282015 0.928923 -0.239936
-0.140631 0.968237 -0.206736
0.282015 0.928923 -0.239936
-0.156277 0.977807 -0.139543
0.271362 0.940919 -0.202568
-0.140631 0.968237 -0.206736
-0.259661 0.960556 -0.099542
-0.156277 0.977807 -0.139543
-0.259661 0.960556 -0.099542
-0.140631 0.968237 -0.206736
-0.227636 0.959215 -0.167596
-0.227636 0.959215 -0.167596
0.047671 0.991834 -0.118296
-0.259661 0.960556 -0.099542
0.047671 0.991834 -0.118296
-0.227636 0.959215 -0.167596
0.109147 0.979540 -0.169079
0.597715 0.739550 -0.309519
0.389427 0.862238 -0.323871
0.580111 0.756054 -0.303074
0.389427 0.862238 -0.323871
0.597715 0.739550 -0.309519
0.442502 0.824142 -0.353527
0.442502 0.824142 -0.353527
-0.098248 0.940799 -0.324415
0.389427 0.862238 -0.323871
-0.098248 0.940799 -0.324415
-0.255052 0.934528 -0.248204
0.389427 0.862238 -0.323871
-0.098248 0.940799 -0.324415
-0.103902 0.976165 -0.190540
-0.255052 0.934528 -0.248204
-0.103902 0.976165 -0.190540
-0.228892 0.964818 -0.129366
-0.255052 0.934528 -0.248204
0.161356 0.983139 -0.086036
-0.103902 0.976165 -0.190540
0.180673 0.977495 -0.108910
-0.103902 0.976165 -0.190540
0.161356 0.983139 -0.086036
-0.228892 0.964818 -0.129366
-0.079518 0.996777 -0.010610
0.180673 0.977495 -0.108910
-0.104581 0.993641 -0.041712
0.180673 0.977495 -0.108910
-0.079518 0.996777 -0.010610
0.161356 0.983139 -0.086036
-0.125843 0.991791 -0.022675
-0.104581 0.993641 -0.041712
-0.168990 0.983315 -0.067335
-0.104581 0.993641 -0.041712
-0.125843 0.991791 -0.022675
-0.079518 0.996777 -0.010610
0.143205 0.978421 -0.148943
-0.168990 0.983315 -0.067335
0.108765 0.971547 -0.210398
-0.168990 0.983315 -0.067335
0.143205 0.978421 -0.148943
-0.125843 0.991791 -0.022675
-0.059228 0.960615 -0.271498
0.108765 0.971547 -0.210398
-0.100591 0.930351 -0.352602
0.108765 0.971547 -0.210398
-0.059228 0.960615 -0.271498
0.143205 0.978421 -0.148943
-0.100591 0.930351 -0.352602
-0.426536 0.829595 -0.360331
-0.059228 0.960615 -0.271498
-0.426536 0.829595 -0.360331
-0.460550 0.842150 -0.280495
-0.059228 0.960615 -0.271498
-0.426536 0.829595 -0.360331
-0.082032 0.937389 -0.338486
-0.460550 0.842150 -0.280495
-0.082032 0.937389 -0.338486
-0.143751 0.949359 -0.279380
-0.460550 0.842150 -0.280495
0.282015 0.928923 -0.239936
-0.082032 0.937389 -0.338486
0.290720 0.912369 -0.288209
-0.082032 0.937389 -0.338486
0.282015 0.928923 -0.239936
-0.143751 0.949359 -0.279380
-0.140631 0.968237 -0.206736
0.290720 0.912369 -0.288209
-0.126676 0.955972 -0.264709
0.290720 0.912369 -0.288209
-0.140631 0.968237 -0.206736
0.282015 0.928923 -0.239936
-0.126676 0.955972 -0.264709
-0.227636 0.959215 -0.167596
-0.140631 0.968237 -0.206736
-0.227636 0.959215 -0.167596
-0.126676 0.955972 -0.264709
-0.187161 0.955997 -0.225923
-0.187161 0.955997 -0.225923
0.109147 0.979540 -0.169079
-0.227636 0.959215 -0.167596
0.109147 0.979540 -0.169079
-0.187161 0.955997 -0.225923
0.185325 0.956993 -0.223200
0.606014 0.737281 -0.298603
0.484701 0.794945 -0.364866
0.597715 0.739550 -0.309519
0.484701 0.794945 -0.364866
0.442502 0.824142 -0.353527
0.597715 0.739550 -0.309519
0.484701 0.794945 -0.364866
0.056430 0.906235 -0.418991
0.442502 0.824142 -0.353527
0.056430 0.906235 -0.418991
-0.098248 0.940799 -0.324415
0.442502 0.824142 -0.353527
0.056430 0.906235 -0.418991
0.014400 0.948603 -0.316142
-0.098248 0.940799 -0.324415
0.014400 0.948603 -0.316142
-0.103902 0.976165 -0.190540
-0.098248 0.940799 -0.324415
0.180673 0.977495 -0.108910
0.014400 0.948603 -0.316142
0.192900 0.951167 -0.240978
0.014400 0.948603 -0.316142
0.180673 0.977495 -0.108910
-0.103902 0.976165 -0.190540
-0.104581 0.993641 -0.041712
0.192900 0.951167 -0.240978
-0.126017 0.963721 -0.235291
0.192900 0.951167 -0.240978
-0.104581 0.993641 -0.041712
0.180673 0.977495 -0.108910
-0.168990 0.983315 -0.067335
-0.126017 0.963721 -0.235291
-0.195369 0.950416 -0.241952
-0.126017 0.963721 -0.235291
-0.168990 0.983315 -0.067335
-0.104581 0.993641 -0.041712
0.108765 0.971547 -0.210398
-0.195369 0.950416 -0.241952
0.064974 0.943635 -0.324550
-0.195369 0.950416 -0.241952
0.108765 0.971547 -0.210398
-0.168990 0.983315 -0.067335
-0.100591 0.930351 -0.352602
0.064974 0.943635 -0.324550
-0.138498 0.886967 -0.440577
0.064974 0.943635 -0.324550
-0.100591 0.930351 -0.352602
0.108765 0.971547 -0.210398
-0.426536 0.829595 -0.360331
-0.100591 0.930351 -0.352602
-0.375697 0.819302 -0.433124
-0.138498 0.886967 -0.440577
-0.375697 0.819302 -0.433124
-0.100591 0.930351 -0.352602
-0.082032 0.937389 -0.338486
-0.426536 0.829595 -0.360331
-0.005872 0.918540 -0.395283
-0.375697 0.819302 -0.433124
-0.005872 0.918540 -0.395283
-0.426536 0.829595 -0.360331
0.290720 0.912369 -0.288209
-0.005872 0.918540 -0.395283
0.297456 0.890426 -0.344472
-0.005872 0.918540 -0.395283
0.290720 0.912369 -0.288209
-0.082032 0.937389 -0.338486
-0.126676 0.955972 -0.264709
0.297456 0.890426 -0.344472
-0.113256 0.943351 -0.311868
0.297456 0.890426 -0.344472
-0.126676 0.955972 -0.264709
0.290720 0.912369 -0.288209
-0.113256 0.943351 -0.311868
-0.187161 0.955997 -0.225923
-0.126676 0.955972 -0.264709
-0.187161 0.955997 -0.225923
-0.113256 0.943351 -0.311868
-0.135950 0.952494 -0.272531
-0.135950 0.952494 -0.272531
0.185325 0.956993 -0.223200
-0.187161 0.955997 -0.225923
0.185325 0.956993 -0.223200
-0.135950 0.952494 -0.272531
0.274344 0.919828 -0.280448
0.605887 0.745809 -0.276894
0.513920 0.778986 -0.359260
0.606014 0.737281 -0.298603
0.513920 0.778986 -0.359260
0.484701 0.794945 -0.364866
0.606014 0.737281 -0.298603
0.513920 0.778986 -0.359260
0.172967 0.849380 -0.498633
0.484701 0.794945 -0.364866
0.172967 0.849380 -0.498633
0.056430 0.906235 -0.418991
0.484701 0.794945 -0.364866
0.172967 0.849380 -0.498633
0.085615 0.881884 -0.463628
0.056430 0.906235 -0.418991
0.085615 0.881884 -0.463628
0.014400 0.948603 -0.316142
0.056430 0.906235 -0.418991
0.192900 0.951167 -0.240978
0.014400 0.948603 -0.316142
0.184064 0.884123 -0.429473
0.085615 0.881884 -0.463628
0.184064 0.884123 -0.429473
0.014400 0.948603 -0.316142
-0.126017 0.963721 -0.235291
0.192900 0.951167 -0.240978
-0.099428 0.865245 -0.491390
0.184064 0.884123 -0.429473
-0.099428 0.865245 -0.491390
0.192900 0.951167 -0.240978
-0.195369 0.950416 -0.241952
-0.126017 0.963721 -0.235291
-0.175144 0.863122 -0.473651
-0.099428 0.865245 -0.491390
-0.175144 0.863122 -0.473651
-0.126017 0.963721 -0.235291
0.064974 0.943635 -0.324550
-0.195369 0.950416 -0.241952
0.027902 0.883527 -0.467549
-0.175144 0.863122 -0.473651
0.027902 0.883527 -0.467549
-0.195369 0.950416 -0.241952
-0.138498 0.886967 -0.440577
0.064974 0.943635 -0.324550
-0.161238 0.834543 -0.526820
0.027902 0.883527 -0.467549
-0.161238 0.834543 -0.526820
0.064974 0.943635 -0.324550
-0.375697 0.819302 -0.433124
-0.138498 0.886967 -0.440577
-0.308378 0.810708 -0.497649
-0.161238 0.834543 -0.526820
-0.308378 0.810708 -0.497649
-0.138498 0.886967 -0.440577
-0.005872 0.918540 -0.395283
-0.308378 0.810708 -0.497649
0.074901 0.890083 -0.449602
-0.308378 0.810708 -0.497649
-0.005872 0.918540 -0.395283
-0.375697 0.819302 -0.433124
0.297456 0.890426 -0.344472
0.074901 0.890083 -0.449602
0.301273 0.863704 -0.404043
0.074901 0.890083 -0.449602
0.297456 0.890426 -0.344472
-0.005872 0.918540 -0.395283
-0.113256 0.943351 -0.311868
0.301273 0.863704 -0.404043
-0.098691 0.932584 -0.347200
0.301273 0.863704 -0.404043
-0.113256 0.943351 -0.311868
0.297456 0.890426 -0.344472
-0.098691 0.932584 -0.347200
-0.135950 0.952494 -0.272531
-0.113256 0.943351 -0.311868
-0.135950 0.952494 -0.272531
-0.098691 0.932584 -0.347200
-0.068935 0.948338 -0.309682
0.274344 0.919828 -0.280448
-0.068935 0.948338 -0.309682
0.372042 0.862076 -0.344108
-0.068935 0.948338 -0.309682
0.274344 0.919828 -0.280448
-0.135950 0.952494 -0.272531
0.602597 0.755911 -0.255882
0.532448 0.775454 -0.339368
0.605887 0.745809 -0.276894
0.532448 0.775454 -0.339368
0.513920 0.778986 -0.359260
0.605887 0.745809 -0.276894
0.532448 0.775454 -0.339368
0.245576 0.799697 -0.547884
0.513920 0.778986 -0.359260
0.245576 0.799697 -0.547884
0.172967 0.849380 -0.498633
0.513920 0.778986 -0.359260
0.245576 0.799697 -0.547884
0.104822 0.791966 -0.601500
0.172967 0.849380 -0.498633
0.104822 0.791966 -0.601500
0.085615 0.881884 -0.463628
0.172967 0.849380 -0.498633
0.184064 0.884123 -0.429473
0.085615 0.881884 -0.463628
0.151819 0.775445 -0.612891
0.104822 0.791966 -0.601500
0.151819 0.775445 -0.612891
0.085615 0.881884 -0.463628
-0.099428 0.865245 -0.491390
0.184064 0.884123 -0.429473
-0.043386 0.718860 -0.693800
0.151819 0.775445 -0.612891
-0.043386 0.718860 -0.693800
0.184064 0.884123 -0.429473
-0.175144 0.863122 -0.473651
-0.099428 0.865245 -0.491390
-0.114218 0.738683 -0.664305
-0.043386 0.718860 -0.693800
-0.114218 0.738683 -0.664305
-0.099428 0.865245 -0.491390
0.027902 0.883527 -0.467549
-0.175144 0.863122 -0.473651
0.012184 0.800598 -0.599078
-0.114218 0.738683 -0.664305
0.012184 0.800598 -0.599078
-0.175144 0.863122 -0.473651
-0.161238 0.834543 -0.526820
0.027902 0.883527 -0.467549
-0.162149 0.782959 -0.600568
0.012184 0.800598 -0.599078
-0.162149 0.782959 -0.600568
0.027902 0.883527 -0.467549
-0.308378 0.810708 -0.497649
-0.161238 0.834543 -0.526820
-0.227465 0.802512 -0.551574
-0.162149 0.782959 -0.600568
-0.227465 0.802512 -0.551574
-0.161238 0.834543 -0.526820
0.074901 0.890083 -0.449602
-0.227465 0.802512 -0.551574
0.151621 0.852106 -0.500926
-0.227465 0.802512 -0.551574
0.074901 0.890083 -0.449602
-0.308378 0.810708 -0.497649
0.301273 0.863704 -0.404043
0.151621 0.852106 -0.500926
0.300806 0.834756 -0.461191
0.151621 0.852106 -0.500926
0.301273 0.863704 -0.404043
0.074901 0.890083 -0.449602
-0.098691 0.932584 -0.347200
0.300806 0.834756 -0.461191
-0.080631 0.925594 -0.369830
0.300806 0.834756 -0.461191
-0.098691 0.932584 -0.347200
0.301273 0.863704 -0.404043
-0.068935 0.948338 -0.309682
-0.080631 0.925594 -0.369830
0.026821 0.942898 -0.332001
-0.080631 0.925594 -0.369830
-0.068935 0.948338 -0.309682
-0.098691 0.932584 -0.347200
0.372042 0.862076 -0.344108
0.026821 0.942898 -0.332001
0.488337 0.792025 -0.366364
0.026821 0.942898 -0.332001
0.372042 0.862076 -0.344108
-0.068935 0.948338 -0.309682
0.601260 0.759405 -0.248578
0.570565 0.769258 -0.287572
0.602597 0.755911 -0.255882
0.570565 0.769258 -0.287572
0.532448 0.775454 -0.339368
0.602597 0.755911 -0.255882
0.570565 0.769258 -0.287572
0.365922 0.793141 -0.486855
0.532448 0.775454 -0.339368
0.365922 0.793141 -0.486855
0.245576 0.799697 -0.547884
0.532448 0.775454 -0.339368
0.365922 0.793141 -0.486855
0.096758 0.746092 -0.658775
0.245576 0.799697 -0.547884
0.096758 0.746092 -0.658775
0.104822 0.791966 -0.601500
0.245576 0.799697 -0.547884
0.096758 0.746092 -0.658775
0.137450 0.729447 -0.670086
0.104822 0.791966 -0.601500
0.137450 0.729447 -0.670086
0.151819 0.775445 -0.612891
0.104822 0.791966 -0.601500
-0.043386 0.718860 -0.693800
0.151819 0.775445 -0.612891
0.017737 0.648413 -0.761082
0.017737 0.648413 -0.761082
0.151819 0.775445 -0.612891
0.137450 0.729447 -0.670086
-0.114218 0.738683 -0.664305
-0.043386 0.718860 -0.693800
-0.093681 0.653212 -0.751358
-0.093681 0.653212 -0.751358
-0.043386 0.718860 -0.693800
0.017737 0.648413 -0.761082
0.012184 0.800598 -0.599078
-0.114218 0.738683 -0.664305
0.011647 0.753311 -0.657561
-0.093681 0.653212 -0.751358
0.011647 0.753311 -0.657561
-0.114218 0.738683 -0.664305
-0.162149 0.782959 -0.600568
0.012184 0.800598 -0.599078
-0.158628 0.757418 -0.633369
0.011647 0.753311 -0.657561
-0.158628 0.757418 -0.633369
0.012184 0.800598 -0.599078
-0.227465 0.802512 -0.551574
-0.162149 0.782959 -0.600568
-0.156209 0.807273 -0.569130
-0.158628 0.757418 -0.633369
-0.156209 0.807273 -0.569130
-0.162149 0.782959 -0.600568
0.151621 0.852106 -0.500926
-0.156209 0.807273 -0.569130
0.241403 0.818195 -0.521805
-0.156209 0.807273 -0.569130
0.151621 0.852106 -0.500926
-0.227465 0.802512 -0.551574
0.300806 0.834756 -0.461191
0.241403 0.818195 -0.521805
0.265924 0.835536 -0.480795
0.241403 0.818195 -0.521805
0.300806 0.834756 -0.461191
0.151621 0.852106 -0.500926
-0.080631 0.925594 -0.369830
0.265924 0.835536 -0.480795
-0.151796 0.930254 -0.334045
0.265924 0.835536 -0.480795
-0.080631 0.925594 -0.369830
0.300806 0.834756 -0.461191
0.026821 0.942898 -0.332001
-0.151796 0.930254 -0.334045
0.258102 0.898041 -0.356238
-0.151796 0.930254 -0.334045
0.026821 0.942898 -0.332001
-0.080631 0.925594 -0.369830
0.488337 0.792025 -0.366364
0.258102 0.898041 -0.356238
0.531506 0.764077 -0.365633
0.258102 0.898041 -0.356238
0.488337 0.792025 -0.366364
0.026821 0.942898 -0.332001
-0.044919 0.002075 -0.998989
-0.047925 0.004123 -0.998842
-0.044919 0.002075 -0.998989
-0.047925 0.004123 -0.998842
-0.044919 0.002075 -0.998989
-0.048022 0.004189 -0.998837
-0.994616 0.065591 0.080234
-0.992035 0.091132 0.086962
-0.991961 0.091767 0.087129
-0.992035 0.091132 0.086962
-0.994616 0.065591 0.080234
-0.994616 0.065591 0.080234
-0.048022 0.004189 -0.998837
0.000223 0.007462 -0.999972
-0.047925 0.004123 -0.998842
0.000223 0.007462 -0.999972
-0.048022 0.004189 -0.998837
0.000299 0.007464 -0.999972
0.026789 0.011110 -0.999579
0.000223 0.007462 -0.999972
0.000299 0.007464 -0.999972
0.026789 0.011110 -0.999579
0.000299 0.007464 -0.999972
0.027091 0.011080 -0.999572
0.026789 0.011110 -0.999579
-0.008679 0.016201 -0.999831
-0.008579 0.016176 -0.999832
-0.008679 0.016201 -0.999831
0.026789 0.011110 -0.999579
0.027091 0.011080 -0.999572
-0.008579 0.016176 -0.999832
0.005846 0.017051 -0.999838
0.006080 0.017035 -0.999836
0.005846 0.017051 -0.999838
-0.008579 0.016176 -0.999832
-0.008679 0.016201 -0.999831
0.002149 0.011362 -0.999933
0.006080 0.017035 -0.999836
0.005846 0.017051 -0.999838
0.002149 0.011362 -0.999933
0.005846 0.017051 -0.999838
0.002374 0.011392 -0.999932
0.002149 0.011362 -0.999933
-0.024202 0.006383 -0.999687
-0.024248 0.006402 -0.999685
-0.024202 0.006383 -0.999687
0.002149 0.011362 -0.999933
0.002374 0.011392 -0.999932
-0.024248 0.006402 -0.999685
0.041662 0.005990 -0.999114
0.043290 0.006008 -0.999044
0.041662 0.005990 -0.999114
-0.024248 0.006402 -0.999685
-0.024202 0.006383 -0.999687
0.051744 0.001235 -0.998660
0.043290 0.006008 -0.999044
0.041662 0.005990 -0.999114
0.043290 0.006008 -0.999044
0.051744 0.001235 -0.998660
0.049407 0.001000 -0.998778
0.049407 0.001000 -0.998778
-0.054443 -0.002117 -0.998515
-0.052606 -0.002206 -0.998613
-0.054443 -0.002117 -0.998515
0.049407 0.001000 -0.998778
0.051744 0.001235 -0.998660
-0.054443 -0.002117 -0.998515
-0.039132 0.001326 -0.999233
-0.052606 -0.002206 -0.998613
-0.039132 0.001326 -0.999233
-0.054443 -0.002117 -0.998515
-0.037538 0.001355 -0.999294
-0.039132 0.001326 -0.999233
0.125354 0.013150 -0.992025
0.131726 0.013827 -0.991190
0.125354 0.013150 -0.992025
-0.039132 0.001326 -0.999233
-0.037538 0.001355 -0.999294
0.098227 0.011022 -0.995103
0.131726 0.013827 -0.991190
0.125354 0.013150 -0.992025
0.131726 0.013827 -0.991190
0.098227 0.011022 -0.995103
0.087669 0.009959 -0.996100
0.087669 0.009959 -0.996100
-0.046659 -0.003571 -0.998905
-0.046659 -0.003571 -0.998904
-0.046659 -0.003571 -0.998905
0.087669 0.009959 -0.996100
0.098227 0.011022 -0.995103
0.998106 -0.034410 0.050995
0.998403 -0.030090 0.047804
0.998402 -0.030112 0.047820
0.998402 -0.030112 0.047820
0.998106 -0.034410 0.050995
0.998106 -0.034410 0.050995
-0.991961 0.091767 0.087129
-0.946962 0.166212 -0.275022
-0.943644 0.167327 -0.285547
-0.946962 0.166212 -0.275022
-0.991961 0.091767 0.087129
-0.992035 0.091132 0.086962
0.953692 -0.032226 -0.299054
0.998402 -0.030112 0.047820
0.998403 -0.030090 0.047804
0.998402 -0.030112 0.047820
0.953692 -0.032226 -0.299054
0.955384 -0.032150 -0.293612
-0.943644 0.167327 -0.285547
-0.698461 0.252659 -0.669564
-0.704836 0.247335 -0.664854
-0.698461 0.252659 -0.669564
-0.943644 0.167327 -0.285547
-0.946962 0.166212 -0.275022
0.953692 -0.032226 -0.299054
0.772464 -0.035780 -0.634049
0.773260 -0.035749 -0.633080
0.773260 -0.035749 -0.633080
0.955384 -0.032150 -0.293612
0.953692 -0.032226 -0.299054
-0.627147 0.380280 -0.679760
-0.698461 0.252659 -0.669564
-0.626037 0.393902 -0.672992
-0.698461 0.252659 -0.669564
-0.627147 0.380280 -0.679760
-0.704836 0.247335 -0.664854
0.772464 -0.035780 -0.634049
0.800428 -0.023475 -0.598969
0.798722 -0.023923 -0.601224
0.798722 -0.023923 -0.601224
0.773260 -0.035749 -0.633080
0.772464 -0.035780 -0.634049
-0.626037 0.393902 -0.672992
-0.600444 0.520886 -0.606750
-0.627147 0.380280 -0.679760
-0.600444 0.520886 -0.606750
-0.626037 0.393902 -0.672992
-0.597774 0.528703 -0.602611
0.800428 -0.023475 -0.598969
0.886879 0.009916 -0.461896
0.885826 0.009340 -0.463923
0.885826 0.009340 -0.463923
0.798722 -0.023923 -0.601224
0.800428 -0.023475 -0.598969
-0.567110 0.627681 -0.533295
-0.597774 0.528703 -0.602611
-0.566112 0.631416 -0.529935
-0.597774 0.528703 -0.602611
-0.567110 0.627681 -0.533295
-0.600444 0.520886 -0.606750
0.886879 0.009916 -0.461896
0.945768 0.031342 -0.323327
0.945400 0.031317 -0.324405
0.945400 0.031317 -0.324405
0.885826 0.009340 -0.463923
0.886879 0.009916 -0.461896
-0.535085 0.687927 -0.490348
-0.566112 0.631416 -0.529935
-0.534680 0.688214 -0.490386
-0.566112 0.631416 -0.529935
-0.535085 0.687927 -0.490348
-0.567110 0.627681 -0.533295
0.945768 0.031342 -0.323327
0.978072 0.000699 -0.208268
0.977969 0.001023 -0.208748
0.977969 0.001023 -0.208748
0.945400 0.031317 -0.324405
0.945768 0.031342 -0.323327
-0.499976 0.700229 -0.509611
-0.534680 0.688214 -0.490386
-0.500033 0.700232 -0.509551
-0.534680 0.688214 -0.490386
-0.499976 0.700229 -0.509611
-0.535085 0.687927 -0.490348
0.978072 0.000699 -0.208268
0.987219 -0.086588 -0.133793
0.987253 -0.084915 -0.134613
0.987253 -0.084915 -0.134613
0.977969 0.001023 -0.208748
0.978072 0.000699 -0.208268
-0.468776 0.686683 -0.555621
-0.500033 0.700232 -0.509551
-0.468526 0.686463 -0.556104
-0.500033 0.700232 -0.509551
-0.468776 0.686683 -0.555621
-0.499976 0.700229 -0.509611
0.987219 -0.086588 -0.133793
0.972047 -0.212045 -0.100802
0.972827 -0.208269 -0.101154
0.972827 -0.208269 -0.101154
0.987253 -0.084915 -0.134613
0.987219 -0.086588 -0.133793
-0.440323 0.650444 -0.618901
-0.468526 0.686463 -0.556104
-0.439301 0.648701 -0.621451
-0.468526 0.686463 -0.556104
-0.440323 0.650444 -0.618901
-0.468776 0.686683 -0.555621
0.972047 -0.212045 -0.100802
0.926834 -0.360187 -0.106041
0.929593 -0.353300 -0.105054
0.929593 -0.353300 -0.105054
0.972827 -0.208269 -0.101154
0.972047 -0.212045 -0.100802
-0.440323 0.650444 -0.618901
-0.409343 0.589893 -0.696035
-0.411590 0.594778 -0.690531
-0.409343 0.589893 -0.696035
-0.440323 0.650444 -0.618901
-0.439301 0.648701 -0.621451
0.926834 -0.360187 -0.106041
0.846982 -0.512399 -0.141662
0.853975 -0.501617 -0.138229
0.853975 -0.501617 -0.138229
0.929593 -0.353300 -0.105054
0.926834 -0.360187 -0.106041
-0.379835 0.525608 -0.761224
-0.411590 0.594778 -0.690531
-0.409343 0.589893 -0.696035
-0.379835 0.525608 -0.761224
-0.409343 0.589893 -0.696035
-0.375909 0.517045 -0.768998
0.744419 -0.647598 -0.162655
0.853975 -0.501617 -0.138229
0.846982 -0.512399 -0.141662
0.853975 -0.501617 -0.138229
0.744419 -0.647598 -0.162655
0.755548 -0.634553 -0.162755
-0.421638 0.622469 -0.659358
-0.379835 0.525608 -0.761224
-0.375909 0.517045 -0.768998
-0.421638 0.622469 -0.659358
-0.375909 0.517045 -0.768998
-0.430274 0.643442 -0.633125
0.744419 -0.647598 -0.162655
0.642291 -0.752646 -0.144864
0.650014 -0.745513 -0.147287
0.650014 -0.745513 -0.147287
0.755548 -0.634553 -0.162755
0.744419 -0.647598 -0.162655
-0.078327 0.371972 0.924933
-0.106843 0.386999 0.915869
-0.106843 0.386999 0.915869
-0.106843 0.386999 0.915869
-0.078327 0.371972 0.924933
-0.055508 0.359681 0.931423
-0.470464 0.750865 -0.463535
-0.430274 0.643442 -0.633125
-0.470464 0.750865 -0.463535
-0.430274 0.643442 -0.633125
-0.470464 0.750865 -0.463535
-0.421638 0.622469 -0.659358
-0.055508 0.359681 0.931423
-0.011758 0.367712 0.929866
-0.001226 0.385745 0.922605
-0.011758 0.367712 0.929866
-0.055508 0.359681 0.931423
-0.078327 0.371972 0.924933
-0.001226 0.385745 0.922605
0.023717 0.435545 0.899855
0.025367 0.439626 0.897823
0.023717 0.435545 0.899855
-0.001226 0.385745 0.922605
-0.011758 0.367712 0.929866
0.025367 0.439626 0.897823
0.039550 0.494732 0.868145
0.041066 0.504937 0.862179
0.039550 0.494732 0.868145
0.025367 0.439626 0.897823
0.023717 0.435545 0.899855
0.041066 0.504937 0.862179
0.024706 0.562065 0.826724
0.022735 0.564474 0.825137
0.024706 0.562065 0.826724
0.041066 0.504937 0.862179
0.039550 0.494732 0.868145
0.009529 0.558868 0.829202
0.022735 0.564474 0.825137
0.024706 0.562065 0.826724
0.024706 0.562065 0.826724
0.011635 0.550502 0.834753
0.009529 0.558868 0.829202
0.010948 0.491277 0.870935
0.009529 0.558868 0.829202
0.011635 0.550502 0.834753
0.010948 0.491277 0.870935
0.011635 0.550502 0.834753
0.010834 0.490921 0.871137
-0.013987 0.456188 0.889774
0.010948 0.491277 0.870935
0.010834 0.490921 0.871137
0.010834 0.490921 0.871137
-0.018415 0.454116 0.890752
-0.013987 0.456188 0.889774
-0.037071 0.431538 0.901333
-0.013987 0.456188 0.889774
-0.018415 0.454116 0.890752
-0.018415 0.454116 0.890752
-0.037862 0.427556 0.903196
-0.037071 0.431538 0.901333
-0.037071 0.431538 0.901333
-0.058927 0.399769 0.914720
-0.067723 0.393818 0.916690
-0.058927 0.399769 0.914720
-0.037071 0.431538 0.901333
-0.037862 0.427556 0.903196
-0.067723 0.393818 0.916690
-0.106828 0.348441 0.931223
-0.116581 0.333307 0.935583
-0.106828 0.348441 0.931223
-0.067723 0.393818 0.916690
-0.058927 0.399769 0.914720
-0.138118 0.307289 0.941540
-0.116581 0.333307 0.935583
-0.106828 0.348441 0.931223
-0.116581 0.333307 0.935583
-0.138118 0.307289 0.941540
-0.138326 0.305406 0.942122
-0.138326 0.305406 0.942122
-0.076895 0.311144 0.947247
-0.036635 0.308020 0.950674
-0.076895 0.311144 0.947247
-0.138326 0.305406 0.942122
-0.138118 0.307289 0.941540
0.642291 -0.752646 -0.144864
0.594012 -0.793906 -0.129855
0.594012 -0.793906 -0.129855
0.594012 -0.793906 -0.129855
0.650014 -0.745513 -0.147287
0.642291 -0.752646 -0.144864
0.012111 0.303568 0.952733
-0.036635 0.308020 0.950674
-0.076895 0.311144 0.947247
-0.036635 0.308020 0.950674
0.012111 0.303568 0.952733
0.012111 0.303568 0.952733
</float_array>
          <technique_common>
            <accessor source="#TissueBox-Normal0-array" count="5952" stride="3">
              <param name="X" type="float"/>
              <param name="Y" type="float"/>
              <param name="Z" type="float"/>
            </accessor>
          </technique_common>
        </source>
        <source id="TissueBox-UV0">
          <float_array id="TissueBox-UV0-array" count="2960">
0.070192 0.719587
0.135679 0.719587
0.273421 0.995964
0.551831 0.763705
0.135679 0.720595
0.070192 0.720595
0.273421 0.994021
0.801154 0.252218
0.551831 0.761762
0.801154 0.317704
0.135679 0.721566
0.070192 0.721566
0.800966 0.317704
0.800966 0.252218
0.499838 0.659237
0.499838 0.593750
0.642410 0.385010
0.642410 0.319524
0.501122 0.593750
0.501122 0.659237
0.642665 0.319524
0.642665 0.385010
0.523988 0.593750
0.523988 0.659237
0.665531 0.319524
0.665531 0.385010
0.579250 0.593750
0.579250 0.659237
0.720792 0.319524
0.720792 0.385010
0.629789 0.593750
0.629789 0.659237
0.771332 0.319524
0.771332 0.385010
0.635124 0.529499
0.635124 0.592990
0.776666 0.255307
0.776666 0.318798
0.632581 0.593045
0.632581 0.528154
0.774124 0.318743
0.774124 0.253852
0.070192 0.455148
0.135678 0.455148
0.552839 0.761969
0.799334 0.252218
0.799334 0.317704
0.273609 0.993995
0.274429 0.995757
0.552020 0.763731
0.135678 0.456156
0.070192 0.456156
0.070192 0.454177
0.135678 0.454177
0.799146 0.317704
0.799146 0.252218
0.564955 0.798889
0.564955 0.864375
0.799476 0.252218
0.799476 0.317704
0.563671 0.864375
0.563671 0.798889
0.836295 0.798889
0.836295 0.864375
0.587821 0.798889
0.587821 0.864375
0.836040 0.864375
0.836040 0.798889
0.643083 0.798889
0.643083 0.864375
0.859161 0.798889
0.859161 0.864375
0.693623 0.798889
0.693623 0.864375
0.914423 0.798889
0.914423 0.864375
0.786756 0.187014
0.788699 0.187014
0.788698 0.189760
0.786754 0.189760
0.964962 0.798889
0.964962 0.864375
0.967754 0.930048
0.967754 0.865157
0.505326 0.253294
0.505326 0.318781
0.275052 0.318781
0.275052 0.253294
0.505326 0.385010
0.505326 0.450868
0.275052 0.450868
0.275052 0.385010
0.201908 0.187867
0.136422 0.187867
0.273751 0.993911
0.553810 0.762786
0.136422 0.186859
0.201908 0.186859
0.275400 0.994940
0.804182 0.383933
0.552161 0.763815
0.804181 0.318447
0.136422 0.185888
0.201908 0.185888
0.804370 0.318447
0.804370 0.383933
0.641511 0.253294
0.641511 0.318781
0.804512 0.318447
0.804512 0.383933
0.640227 0.318781
0.640227 0.253294
0.834112 0.798889
0.834112 0.864375
0.617361 0.318781
0.617361 0.253294
0.833857 0.864375
0.833857 0.798889
0.562099 0.318781
0.562099 0.253294
0.810991 0.864375
0.810991 0.798889
0.795854 0.447410
0.795853 0.444664
0.797796 0.444664
0.797797 0.447410
0.797797 0.186360
0.797796 0.189216
0.795853 0.189216
0.795854 0.186360
0.511560 0.318781
0.511560 0.253294
0.755730 0.864375
0.755730 0.798889
0.070192 0.353821
0.135678 0.353821
0.554145 0.764070
0.802644 0.383933
0.802644 0.318447
0.273791 0.993656
0.275735 0.993656
0.552202 0.764070
0.135678 0.385441
0.070192 0.385441
0.201908 0.452307
0.136422 0.452307
0.802833 0.318447
0.802833 0.383933
0.770024 0.659237
0.770024 0.593750
0.802503 0.383933
0.802503 0.318447
0.771308 0.593750
0.771308 0.659237
0.906208 0.659237
0.906208 0.593750
0.747158 0.659237
0.747158 0.593750
0.906464 0.593750
0.906464 0.659237
0.691897 0.659237
0.691897 0.593750
0.883343 0.659237
0.883343 0.593750
0.641357 0.659237
0.641357 0.593750
0.828081 0.659237
0.828081 0.593750
0.791990 0.448065
0.790047 0.448065
0.790049 0.445319
0.791992 0.445319
0.790047 0.187014
0.791990 0.187014
0.791992 0.189870
0.790049 0.189870
0.505326 0.319524
0.275052 0.319524
0.275052 0.187437
0.505327 0.187437
0.268665 0.659237
0.268665 0.593750
0.498939 0.593750
0.498939 0.659237
0.201908 0.719587
0.136422 0.719587
0.136422 0.687338
0.275209 0.970790
0.277152 0.970790
0.276828 0.915528
0.154241 0.687338
0.135678 0.488406
0.117860 0.488406
0.555562 0.786936
0.553619 0.786936
0.557181 0.842197
0.555238 0.842197
0.557463 0.892737
0.555520 0.892737
0.278771 0.915528
0.277110 0.864989
0.279053 0.864989
0.136422 0.451299
0.201908 0.451299
0.201908 0.453278
0.277108 0.862197
0.279051 0.862197
0.075847 0.994021
0.136422 0.453278
0.070192 0.187867
0.135679 0.187867
0.557462 0.895529
0.555519 0.895529
0.485973 0.763705
0.454352 0.763705
0.454352 0.761762
0.485973 0.761762
0.107468 0.994021
0.107468 0.995964
0.075847 0.995964
0.267766 0.719587
0.267766 0.720595
0.201908 0.720595
0.136422 0.720595
0.004334 0.720595
0.004334 0.719587
0.800824 0.317704
0.800824 0.252218
0.801154 0.383933
0.267766 0.721566
0.201908 0.721566
0.136422 0.721566
0.801154 0.449791
0.800966 0.449791
0.800966 0.383933
0.629789 0.593007
0.629790 0.527521
0.499838 0.527521
0.771332 0.318781
0.771332 0.253294
0.642410 0.253294
0.499838 0.461663
0.501122 0.461663
0.501122 0.527521
0.642410 0.187437
0.642665 0.187437
0.642665 0.253294
0.499838 0.593007
0.501122 0.593007
0.501122 0.725094
0.642410 0.318781
0.642665 0.318781
0.642665 0.450868
0.499838 0.725094
0.523988 0.461663
0.523988 0.527521
0.642410 0.450868
0.665531 0.187437
0.665531 0.253294
0.523988 0.593007
0.523988 0.725094
0.579250 0.461663
0.665531 0.318781
0.665531 0.450868
0.720792 0.187437
0.579250 0.527521
0.579250 0.593007
0.579250 0.725094
0.720792 0.253294
0.720792 0.318781
0.720792 0.450868
0.629790 0.461663
0.629789 0.725094
0.635124 0.657224
0.771332 0.187437
0.771332 0.450868
0.776666 0.383032
0.004334 0.721566
0.110256 0.536162
0.004334 0.553634
0.004334 0.522014
0.154241 0.488406
0.267766 0.522014
0.799334 0.383933
0.799334 0.449791
0.799146 0.449791
0.267766 0.553634
0.161845 0.536162
0.201908 0.455148
0.799146 0.383933
0.799334 0.318447
0.799146 0.318447
0.696414 0.929972
0.696414 0.865081
0.698957 0.865136
0.799146 0.186360
0.799334 0.186360
0.799476 0.383933
0.698957 0.928626
0.693623 0.930605
0.693623 0.865119
0.970297 0.865102
0.970297 0.928592
0.964962 0.930605
0.564955 0.930605
0.564955 0.996463
0.563671 0.996463
0.964962 0.865119
0.836295 0.930605
0.836295 0.996463
0.563671 0.930605
0.564955 0.865119
0.563671 0.865119
0.836040 0.996463
0.836040 0.930605
0.836295 0.865119
0.563671 0.733031
0.564955 0.733031
0.587821 0.930605
0.836040 0.865119
0.836040 0.733031
0.836295 0.733031
0.788699 0.448065
0.786756 0.448065
0.786754 0.445208
0.587821 0.996463
0.587821 0.865119
0.587821 0.733031
0.859161 0.930605
0.859161 0.996463
0.859161 0.865119
0.859161 0.733031
0.914423 0.930605
0.914423 0.996463
0.135679 0.253725
0.070192 0.253725
0.135679 0.285346
0.070192 0.285346
0.136422 0.385441
0.201908 0.385441
0.804181 0.252218
0.804181 0.186360
0.804370 0.186360
0.004334 0.187867
0.004334 0.186859
0.070192 0.186859
0.804370 0.252218
0.804181 0.317704
0.804370 0.317704
0.506225 0.383032
0.506225 0.319541
0.508768 0.319486
0.804370 0.449791
0.804182 0.449791
0.804512 0.186360
0.508768 0.384377
0.511560 0.319524
0.511560 0.385010
0.705190 0.864375
0.705190 0.798889
0.699856 0.928592
0.641511 0.385010
0.641511 0.450868
0.640227 0.450868
0.699856 0.865102
0.702398 0.865157
0.702398 0.930048
0.640227 0.385010
0.641511 0.319524
0.640227 0.319524
0.705190 0.865119
0.705190 0.930605
0.834112 0.930605
0.795853 0.380802
0.795853 0.317312
0.797796 0.317312
0.797796 0.380802
0.795853 0.253078
0.797796 0.253078
0.640227 0.187437
0.641511 0.187437
0.617361 0.450868
0.834112 0.996463
0.833857 0.996463
0.833857 0.930605
0.617361 0.385010
0.617361 0.319524
0.617361 0.187437
0.834112 0.865119
0.833857 0.865119
0.833857 0.733031
0.135679 0.186859
0.267766 0.186859
0.267766 0.187867
0.004334 0.185888
0.070192 0.185888
0.135679 0.185888
0.802644 0.252218
0.802644 0.186360
0.802833 0.186360
0.267766 0.185888
0.201908 0.353821
0.267766 0.353821
0.802833 0.252218
0.802644 0.317704
0.802833 0.317704
0.638565 0.528154
0.638565 0.593045
0.636023 0.592990
0.802833 0.449791
0.802644 0.449791
0.802503 0.252218
0.636023 0.529499
0.641357 0.527521
0.641357 0.593007
0.777541 0.659237
0.777541 0.593750
0.774749 0.528078
0.770024 0.527521
0.770024 0.461663
0.771308 0.461663
0.774749 0.592969
0.772207 0.593024
0.772207 0.529534
0.771308 0.527521
0.770024 0.593007
0.771308 0.593007
0.777541 0.527521
0.777541 0.593007
0.906208 0.527521
0.771308 0.725094
0.770024 0.725094
0.747158 0.527521
0.906208 0.461663
0.906463 0.461663
0.906463 0.527521
0.790049 0.381457
0.790049 0.317966
0.791992 0.317966
0.747158 0.461663
0.747158 0.593007
0.747158 0.725094
0.791992 0.381457
0.790049 0.253732
0.791992 0.253732
0.906208 0.593007
0.906464 0.593007
0.906464 0.725094
0.807625 0.448277
0.267766 0.455148
0.777565 0.386369
0.807625 0.400520
0.816705 0.449361
0.777565 0.338612
0.780498 0.338612
0.267766 0.456156
0.810558 0.400520
0.267766 0.385441
0.136422 0.353821
0.004334 0.385441
0.004334 0.353821
0.070192 0.452307
0.004334 0.452307
0.004334 0.451299
0.070192 0.451299
0.135678 0.452307
0.201908 0.456156
0.009989 0.995964
0.136422 0.455148
0.288399 0.763705
0.288211 0.763731
0.008981 0.995757
0.135678 0.451299
0.009800 0.993995
0.267766 0.451299
0.287391 0.761969
0.288399 0.761762
0.009989 0.994021
0.810558 0.448277
0.255211 0.734059
0.780498 0.386369
0.267766 0.452307
0.070192 0.453278
0.004334 0.453278
0.008010 0.994940
0.136422 0.456156
0.288069 0.763815
0.004334 0.456156
0.286420 0.762786
0.009659 0.993911
0.007675 0.993656
0.135678 0.453278
0.288029 0.764070
0.267766 0.453278
0.286085 0.764070
0.009618 0.993656
0.807625 0.348811
0.255211 0.757369
0.777565 0.286903
0.267766 0.253725
0.201908 0.253725
0.136422 0.253725
0.810558 0.348811
0.207454 0.749764
0.207454 0.733220
0.406386 0.733220
0.406386 0.749764
0.358629 0.757369
0.358629 0.734059
0.816705 0.401604
0.807625 0.297101
0.810558 0.297101
0.807625 0.249344
0.810558 0.249344
0.004334 0.455148
0.201908 0.454177
0.801154 0.318447
0.267766 0.454177
0.800966 0.318447
0.635124 0.721086
0.776666 0.446894
0.632581 0.723942
0.774124 0.449640
0.632581 0.658679
0.774124 0.384377
0.635124 0.593733
0.776666 0.319541
0.632581 0.593788
0.774124 0.319486
0.632581 0.462891
0.774124 0.188589
0.635124 0.465637
0.776666 0.191445
0.136422 0.454177
0.004334 0.454177
0.799476 0.449791
0.004334 0.653730
0.799476 0.318447
0.643083 0.930605
0.799476 0.186360
0.643083 0.996463
0.914423 0.865119
0.643083 0.865119
0.914423 0.733031
0.643083 0.733031
0.964962 0.996463
0.693623 0.996463
0.964962 0.733031
0.788698 0.445208
0.693623 0.733031
0.967754 0.799523
0.967754 0.734260
0.004334 0.253725
0.267766 0.285346
0.804512 0.252218
0.201908 0.285346
0.804512 0.317704
0.562099 0.450868
0.804512 0.449791
0.562099 0.385010
0.834112 0.733031
0.562099 0.319524
0.810991 0.996463
0.562099 0.187437
0.810991 0.930605
0.795853 0.316568
0.797796 0.316568
0.511560 0.450868
0.810991 0.865119
0.511560 0.187437
0.810991 0.733031
0.136422 0.285346
0.004334 0.285346
0.802503 0.186360
0.004334 0.319583
0.802503 0.317704
0.691897 0.527521
0.802503 0.449791
0.691897 0.461663
0.906208 0.725094
0.691897 0.593007
0.883343 0.527521
0.691897 0.725094
0.883343 0.461663
0.641357 0.461663
0.883343 0.593007
0.790049 0.317223
0.641357 0.725094
0.791992 0.317223
0.883343 0.725094
0.117860 0.687338
0.306920 0.734059
0.135679 0.687338
0.070192 0.319583
0.135678 0.319583
0.136422 0.319583
0.817077 0.401604
0.201908 0.319583
0.817077 0.449361
0.267766 0.319583
0.816705 0.349895
0.306920 0.759632
0.894577 0.372882
0.894577 0.318430
0.916344 0.318457
0.916344 0.373264
0.871009 0.372882
0.845724 0.376894
0.845724 0.431346
0.823957 0.431319
0.823957 0.376512
0.869292 0.376894
0.871009 0.318430
0.847441 0.372882
0.847441 0.318430
0.825674 0.373264
0.825674 0.318457
0.869292 0.431346
0.892860 0.376894
0.892860 0.431346
0.914627 0.376512
0.914627 0.431319
0.702732 0.011235
0.685946 0.010550
0.685967 0.009595
0.702749 0.010280
0.719838 0.012019
0.719838 0.011064
0.733171 0.011404
0.733163 0.010449
0.748091 0.011375
0.748095 0.010419
0.763859 0.011652
0.763855 0.010697
0.777774 0.011257
0.777771 0.010301
0.793857 0.011644
0.909798 0.046054
0.578686 0.018441
0.580359 0.007372
0.596542 0.007651
0.595925 0.019089
0.562188 0.017972
0.563891 0.006879
0.549732 0.018871
0.551057 0.007694
0.534241 0.018509
0.536634 0.007795
0.518315 0.017932
0.521382 0.007525
0.506153 0.018829
0.640512 0.012777
0.887051 0.051957
0.507893 0.007950
0.491306 0.018665
0.492316 0.007515
0.475599 0.018100
0.477016 0.007117
0.464827 0.019441
0.465569 0.008198
0.451274 0.019499
0.450911 0.007736
0.431313 0.016573
0.431621 0.004981
0.416667 0.015769
0.418115 0.004656
0.617148 0.010400
0.886955 0.051015
0.407956 0.017543
0.408985 0.006242
0.392430 0.015920
0.392709 0.004249
0.576937 0.029109
0.595245 0.029917
0.560750 0.028829
0.549072 0.029940
0.532784 0.029216
0.516275 0.028390
0.505181 0.029662
0.490707 0.029649
0.474136 0.028781
0.617187 0.009447
0.909696 0.045113
0.463812 0.030268
0.451519 0.030880
0.431157 0.027900
0.415337 0.026675
0.406841 0.028530
0.391963 0.027255
0.582138 0.039147
0.603466 0.039562
0.565447 0.039364
0.554365 0.040901
0.536167 0.039997
0.517980 0.039108
0.506585 0.040560
0.640551 0.011824
0.865476 0.057186
0.490743 0.040553
0.471348 0.039284
0.460276 0.040686
0.448051 0.041772
0.425666 0.038686
0.407660 0.037106
0.398332 0.038658
0.382523 0.037640
0.588600 0.048773
0.613163 0.048129
0.571726 0.049650
0.561311 0.051853
0.541384 0.050769
0.663238 0.014994
0.865382 0.056247
0.522080 0.049962
0.509423 0.051401
0.491662 0.051327
0.468492 0.049738
0.456246 0.050840
0.443963 0.052286
0.419371 0.049131
0.398808 0.047497
0.388335 0.048506
0.371651 0.047926
0.592963 0.058278
0.620314 0.056345
0.576713 0.059599
0.663264 0.014040
0.759132 0.033243
0.566551 0.062660
0.545335 0.061239
0.526665 0.060754
0.512290 0.061937
0.493238 0.061811
0.466440 0.060048
0.453259 0.060840
0.440860 0.062364
0.414825 0.059414
0.392375 0.058007
0.380775 0.058535
0.363752 0.058529
0.595913 0.067640
0.685559 0.016176
0.775654 0.033020
0.625754 0.064992
0.580539 0.069075
0.569706 0.072535
0.546850 0.071160
0.529386 0.071084
0.514285 0.071903
0.494809 0.071781
0.465079 0.070070
0.451335 0.070676
0.438550 0.071904
0.411638 0.069664
0.387772 0.068642
0.375425 0.068889
0.685566 0.015221
0.775657 0.033976
0.358334 0.069430
0.598035 0.076827
0.629545 0.074546
0.582767 0.078230
0.571380 0.080715
0.547096 0.080782
0.530037 0.081573
0.515128 0.081322
0.495438 0.081129
0.464261 0.079633
0.450148 0.080208
0.437138 0.081166
0.409574 0.079835
0.707611 0.016391
0.759164 0.034197
0.384622 0.079141
0.372113 0.079576
0.354881 0.080577
0.599609 0.086164
0.632349 0.084968
0.583597 0.087282
0.571809 0.088459
0.548183 0.090149
0.530328 0.090638
0.514796 0.090414
0.494800 0.090076
0.463943 0.089016
0.449646 0.089574
0.707614 0.015435
0.792717 0.033619
0.436323 0.090401
0.408200 0.089820
0.382792 0.089677
0.370263 0.090289
0.352727 0.091668
0.601147 0.095758
0.634604 0.095973
0.583526 0.096382
0.571488 0.097023
0.548683 0.099274
0.528788 0.100036
0.513388 0.099337
0.493188 0.098969
0.729287 0.016345
0.792707 0.034572
0.464035 0.098262
0.449666 0.098936
0.435836 0.099684
0.407112 0.099723
0.381859 0.100113
0.369317 0.100906
0.351196 0.102616
0.603317 0.105766
0.636896 0.107313
0.583518 0.105742
0.570859 0.106496
0.547886 0.108387
0.526018 0.109254
0.729292 0.015390
0.810533 0.034516
0.511304 0.108365
0.491304 0.108062
0.464509 0.107500
0.450014 0.108413
0.435344 0.109112
0.405958 0.109615
0.381340 0.110424
0.368686 0.111411
0.349572 0.113427
0.606733 0.116374
0.639913 0.118937
0.584588 0.115576
0.570633 0.116408
0.750554 0.016368
0.810523 0.035468
0.942420 0.019688
0.921840 0.042481
0.921481 0.041741
0.942039 0.018966
0.892368 0.066739
0.892165 0.065927
0.872003 0.065943
0.871998 0.065144
0.848721 0.066852
0.848678 0.066070
0.824006 0.066349
0.824059 0.065667
0.803380 0.055953
0.803537 0.055287
0.065055 0.006865
0.081276 0.006896
0.082713 0.017794
0.065412 0.018102
0.097821 0.006663
0.099324 0.017481
0.110715 0.007572
0.111902 0.018431
0.125242 0.007746
0.127537 0.018150
0.140668 0.007537
0.143656 0.017658
0.154353 0.008016
0.155973 0.018613
0.170171 0.007753
0.170969 0.018671
0.185716 0.007639
0.186875 0.018436
0.197326 0.008947
0.197747 0.019969
0.212148 0.008926
0.211376 0.020397
0.231736 0.006922
0.231577 0.018201
0.245439 0.007085
0.246422 0.017922
0.254604 0.008976
0.255124 0.019964
0.271055 0.007782
0.270787 0.019118
0.084276 0.028254
0.065791 0.028780
0.100659 0.028015
0.112489 0.029165
0.128916 0.028561
0.145602 0.027868
0.156787 0.029223
0.171342 0.029428
0.188115 0.028899
0.198518 0.030579
0.210820 0.031504
0.231369 0.029227
0.247371 0.028557
0.255799 0.030654
0.270672 0.030117
0.078856 0.037947
0.057227 0.038196
0.095855 0.038166
0.107097 0.039765
0.125419 0.039074
0.143789 0.038363
0.155233 0.039899
0.171102 0.040101
0.190733 0.039220
0.201893 0.040847
0.214022 0.042241
0.236538 0.039929
0.254784 0.038990
0.263978 0.040873
0.279662 0.040557
0.072206 0.047242
0.047234 0.046759
0.089528 0.048048
0.100045 0.050303
0.120034 0.049569
0.139549 0.049023
0.152244 0.050531
0.169954 0.050647
0.193399 0.049537
0.205794 0.050899
0.217844 0.052646
0.242471 0.050383
0.263347 0.049491
0.273698 0.050841
0.290209 0.050742
0.067778 0.056392
0.039905 0.055218
0.084596 0.057644
0.094707 0.060735
0.115860 0.059747
0.134758 0.059585
0.149176 0.060857
0.168111 0.060928
0.195179 0.059771
0.208584 0.060853
0.220659 0.062659
0.246615 0.060634
0.269429 0.059978
0.281024 0.060776
0.297886 0.060921
0.064868 0.065418
0.034478 0.064069
0.080823 0.066889
0.091478 0.070430
0.114130 0.069439
0.131822 0.069632
0.146962 0.070590
0.166278 0.070747
0.196211 0.069777
0.210241 0.070680
0.222719 0.072175
0.249456 0.070743
0.273750 0.070350
0.286243 0.070773
0.303243 0.071198
0.062815 0.074348
0.030861 0.073513
0.078594 0.075933
0.089774 0.078622
0.113769 0.078908
0.131065 0.079861
0.145957 0.079800
0.165420 0.080033
0.196786 0.079346
0.211204 0.080164
0.223976 0.081373
0.251334 0.080637
0.276774 0.080382
0.289517 0.080935
0.306720 0.081757
0.061286 0.083516
0.028280 0.083420
0.077727 0.084947
0.089362 0.086402
0.112646 0.088165
0.130706 0.088781
0.146173 0.088859
0.165894 0.088999
0.196967 0.088635
0.211576 0.089428
0.224718 0.090458
0.252657 0.090263
0.278595 0.090393
0.291387 0.091134
0.308914 0.092398
0.059724 0.092997
0.026150 0.093512
0.077703 0.093997
0.089642 0.094881
0.112077 0.097284
0.132127 0.098226
0.147442 0.097861
0.167396 0.097929
0.196773 0.097748
0.211476 0.098586
0.225162 0.099474
0.253754 0.099764
0.279561 0.100353
0.292363 0.101314
0.310470 0.103070
0.057399 0.102871
0.023727 0.103628
0.077496 0.103379
0.090066 0.104341
0.112690 0.106484
0.134660 0.107649
0.149365 0.106975
0.169190 0.106956
0.196237 0.106752
0.211056 0.107748
0.225609 0.108522
0.254919 0.109227
0.280095 0.110265
0.292974 0.111475
0.312032 0.113824
0.053599 0.113168
0.020227 0.113874
0.076043 0.113204
0.089946 0.114310
0.113032 0.115793
0.135938 0.116432
0.150798 0.116216
0.170499 0.116117
0.195387 0.115804
0.210575 0.116984
0.226409 0.117679
0.256463 0.118734
0.280650 0.120195
0.293757 0.121699
0.314234 0.124814
0.047713 0.123935
0.014910 0.124519
0.072480 0.123551
0.088210 0.124591
0.111433 0.125179
0.134740 0.124994
0.150664 0.125661
0.170874 0.125425
0.194357 0.124863
0.210266 0.126309
0.227876 0.127087
0.258669 0.128406
0.281691 0.130276
0.295236 0.132161
0.317716 0.136307
0.039191 0.135282
0.007049 0.135903
0.066188 0.134491
0.083916 0.135269
0.106855 0.135161
0.130442 0.134413
0.148519 0.135429
0.170284 0.134926
0.193386 0.134230
0.210426 0.135805
0.230304 0.136732
0.261802 0.138340
0.283677 0.140690
0.297917 0.143152
0.321402 0.146480
0.027418 0.147404
0.005669 0.146673
0.056624 0.146154
0.076414 0.146595
0.099052 0.146504
0.123293 0.145577
0.144675 0.145853
0.169056 0.144769
0.192860 0.143986
0.211471 0.145537
0.233933 0.146667
0.266047 0.148741
0.286920 0.151699
0.301951 0.155210
0.324157 0.155788
0.547267 0.117407
0.524495 0.117824
0.509727 0.117679
0.489912 0.117460
0.465324 0.116858
0.450463 0.118063
0.434485 0.118760
0.404388 0.119555
0.380712 0.120675
0.367755 0.121881
0.347113 0.124222
0.611952 0.127780
0.644401 0.130981
0.587592 0.126070
0.571909 0.126593
0.548582 0.126556
0.525517 0.126334
0.509782 0.127260
0.489506 0.127104
0.466345 0.126444
0.450731 0.127911
0.432915 0.128657
0.402066 0.129587
0.379450 0.130991
0.365921 0.132480
0.343076 0.135233
0.619551 0.140179
0.651171 0.143756
0.593172 0.137450
0.575719 0.137329
0.552920 0.136496
0.529679 0.135790
0.511892 0.137210
0.490142 0.136979
0.467317 0.136359
0.450461 0.137980
0.430304 0.138763
0.398690 0.139748
0.377064 0.141566
0.362636 0.143499
0.338636 0.144691
0.630151 0.153789
0.651588 0.154972
0.601747 0.150021
0.582628 0.149020
0.560552 0.147891
0.536916 0.146987
0.515893 0.147837
0.491506 0.147205
0.467877 0.146671
0.449182 0.148249
0.426289 0.148964
0.394066 0.150225
0.373220 0.152695
0.357327 0.155370
0.334835 0.153231
0.750576 0.015414
0.771748 0.017828
0.771765 0.016873
0.792749 0.018761
0.792748 0.017806
0.813675 0.018907
0.813655 0.017960
0.834753 0.018237
0.834712 0.017310
0.856352 0.016982
0.856292 0.016092
0.879051 0.015684
0.878973 0.014850
0.903732 0.015280
0.903645 0.014518
0.929797 0.018095
0.929663 0.017420
0.845297 0.059116
0.845206 0.058199
0.826859 0.057095
0.826794 0.056228
0.809863 0.052818
0.809841 0.052021
0.793818 0.047195
0.793831 0.046463
0.777949 0.042305
0.777984 0.041615
0.778615 0.051215
0.778699 0.050427
0.754531 0.045135
0.754745 0.044416
0.738123 0.026461
0.738330 0.025717
0.715101 0.020900
0.714983 0.020058
0.682044 0.037703
0.681914 0.036831
0.660260 0.037405
0.660450 0.036552
0.646371 0.021175
0.646228 0.020321
0.617474 0.046454
0.617148 0.045694
0.793866 0.010689
0.809718 0.011949
0.809704 0.010994
0.821567 0.010812
0.821547 0.009857
0.836776 0.010883
0.836796 0.009928
0.856944 0.012725
0.856958 0.011769
0.871081 0.012409
0.871042 0.011456
0.880472 0.010401
0.880434 0.009447
0.897487 0.011114
0.897502 0.010159
0.829300 0.035343
0.829297 0.036295
0.849270 0.035830
0.849280 0.036782
0.870832 0.035741
0.870854 0.036694
0.892186 0.034295
0.892210 0.035248
0.268665 0.527644
0.268665 0.461786
0.498939 0.461786
0.498939 0.527644
0.268665 0.593007
0.498939 0.593007
0.498939 0.725094
0.268665 0.725094
0.286750 0.786936
0.284807 0.786936
0.284641 0.842198
0.282698 0.842198
0.284531 0.892737
0.282588 0.892737
0.284533 0.895529
0.282590 0.895529
0.288399 0.993980
0.288399 0.995923
0.287391 0.995716
0.288211 0.993954
0.286420 0.994899
0.288069 0.993870
0.286085 0.993615
0.288029 0.993615
0.284949 0.970749
0.286892 0.970749
0.284754 0.915488
0.286698 0.915488
0.284780 0.864948
0.286723 0.864948
0.284781 0.862156
0.286724 0.862156
0.485973 0.993980
0.454352 0.993980
0.354257 0.993980
0.385878 0.993980
0.385878 0.995923
0.354257 0.995923
0.551831 0.993980
0.552020 0.993954
0.552839 0.995716
0.551831 0.995923
0.552161 0.993870
0.553810 0.994899
0.552202 0.993615
0.554145 0.993615
0.553338 0.970749
0.555282 0.970749
0.553533 0.915488
0.555476 0.915488
0.553508 0.864948
0.555451 0.864948
0.553506 0.862156
0.555449 0.862156
0.354257 0.763705
0.354257 0.761762
0.385878 0.763705
0.385878 0.761762
0.485973 0.995923
0.454352 0.995923
0.420115 0.763705
0.420115 0.761762
0.420115 0.993980
0.420115 0.995923
0.006396 0.970790
0.008339 0.970790
0.004288 0.915528
0.006231 0.915528
0.004178 0.864989
0.006121 0.864989
0.004180 0.862197
0.006123 0.862197
0.009989 0.761803
0.009989 0.763746
0.009800 0.763772
0.008981 0.762010
0.009659 0.763856
0.008010 0.762827
0.009618 0.764111
0.007675 0.764111
0.008482 0.786977
0.006539 0.786977
0.008287 0.842238
0.006344 0.842238
0.008313 0.892778
0.006369 0.892778
0.008314 0.895570
0.006371 0.895570
0.207563 0.763746
0.175942 0.763746
0.175942 0.761803
0.207563 0.761803
0.273421 0.761803
0.274429 0.762010
0.273610 0.763772
0.273421 0.763746
0.275400 0.762827
0.273751 0.763856
0.275735 0.764111
0.273791 0.764111
0.276871 0.786977
0.274928 0.786977
0.276449 0.842238
0.274506 0.842238
0.276424 0.892778
0.274481 0.892778
0.276422 0.895570
0.274479 0.895570
0.075847 0.763746
0.107468 0.763746
0.207563 0.994021
0.207563 0.995964
0.175942 0.994021
0.175942 0.995964
0.075847 0.761803
0.107468 0.761803
0.141705 0.994021
0.141705 0.995964
0.141705 0.763746
0.141705 0.761803
0.152612 0.757386
0.152612 0.734077
0.200369 0.733238
0.200369 0.749782
0.001437 0.749782
0.001437 0.733238
0.049194 0.734077
0.049194 0.757386
0.100903 0.759650
0.100903 0.734077
0.971196 0.873116
0.971196 0.855298
0.974128 0.856572
0.974128 0.873116
0.971196 0.854554
0.971196 0.836736
0.974128 0.836736
0.974128 0.853280
0.974501 0.853280
0.974501 0.856572
0.929844 0.452367
0.929844 0.341252
0.907362 0.601748
0.907362 0.583929
0.910295 0.585204
0.910295 0.601748
0.907362 0.583186
0.907362 0.565367
0.910295 0.565367
0.910295 0.581912
0.910668 0.581912
0.910668 0.585204
0.951083 0.284517
0.951083 0.395632
0.817077 0.349895
0.816705 0.298186
0.817077 0.298186
0.816705 0.250429
0.817077 0.250429
0.814518 0.449842
0.814518 0.402085
0.814891 0.402085
0.814891 0.449842
0.814518 0.350376
0.814891 0.350376
0.814518 0.298667
0.814891 0.298667
0.814518 0.250910
0.814891 0.250910
0.267766 0.653730
0.004334 0.622109
0.110256 0.639581
0.161845 0.639581
0.267766 0.622109
0.136422 0.488406
0.267766 0.587872
0.164108 0.587872
0.107992 0.587872
0.004334 0.587872
0.783340 0.187437
0.783341 0.190182
0.781398 0.190182
0.781397 0.187437
0.781397 0.448487
0.781398 0.445631
0.783341 0.445631
0.783340 0.448487
0.783341 0.254045
0.783341 0.317535
0.781398 0.317535
0.781398 0.254045
0.783341 0.381769
0.781398 0.381769
0.783341 0.318278
0.781398 0.318278
0.755730 0.996463
0.755730 0.930605
0.755730 0.865119
0.755730 0.733031
0.705190 0.996463
0.705190 0.733031
0.699856 0.800868
0.699856 0.737006
0.702398 0.734260
0.702398 0.799523
0.699856 0.864358
0.702398 0.864413
0.702398 0.995310
0.699856 0.992454
0.696414 0.799447
0.696414 0.734184
0.698957 0.737040
0.698957 0.800902
0.696414 0.864338
0.698957 0.864393
0.698957 0.992489
0.696414 0.995234
0.780498 0.286903
0.777565 0.235194
0.780498 0.235194
0.777565 0.187437
0.780498 0.187437
0.788698 0.253622
0.788698 0.317112
0.786754 0.317112
0.786754 0.253622
0.788698 0.381346
0.786754 0.381346
0.788698 0.317856
0.786754 0.317856
0.970297 0.737006
0.970297 0.800868
0.967754 0.864413
0.970297 0.864358
0.970297 0.992454
0.967754 0.995310
0.506225 0.255307
0.506225 0.191445
0.508768 0.188589
0.508768 0.253852
0.506225 0.318798
0.508768 0.318743
0.508768 0.449640
0.506225 0.446894
0.638565 0.658679
0.638565 0.723942
0.636023 0.721086
0.636023 0.657224
0.638565 0.593788
0.636023 0.593733
0.636023 0.465637
0.638565 0.462891
0.828081 0.527521
0.828081 0.461663
0.828081 0.593007
0.828081 0.725094
0.777541 0.461663
0.777541 0.725094
0.774749 0.658603
0.774749 0.723866
0.772207 0.721120
0.772207 0.657258
0.774749 0.593712
0.772207 0.593767
0.772207 0.465671
0.774749 0.462815
0.800966 0.186360
0.801154 0.186360
0.800824 0.449791
0.800824 0.383933
0.800824 0.318447
0.800824 0.186360
0.825493 0.293543
0.936663 0.293543
0.936635 0.315309
0.825520 0.315309
0.825520 0.224639
0.936635 0.224639
0.936663 0.246406
0.825493 0.246406
0.825493 0.269974
0.936663 0.269974
0.949412 0.397560
0.949412 0.396059
0.931514 0.339324
0.931514 0.340825
</float_array>
          <technique_common>
            <accessor source="#TissueBox-UV0-array" count="1480" stride="2">
              <param name="S" type="float"/>
              <param name="T" type="float"/>
            </accessor>
          </technique_common>
        </source>
        <vertices id="TissueBox-VERTEX">
          <input semantic="POSITION" source="#TissueBox-POSITION"/>
        </vertices>
        <triangles count="1984" material="TissueBox"><input semantic="VERTEX" offset="0" source="#TissueBox-VERTEX"/><input semantic="NORMAL" offset="1" source="#TissueBox-Normal0"/><input semantic="TEXCOORD" offset="2" set="0" source="#TissueBox-UV0"/><p> 168 0 0 169 1 1 176 2 5 176 3 5 169 4 1 444 5 4 6 6 47 5 7 48 0 8 2 0 9 2 2 10 6 6 11 47 171 12 7 172 13 9 179 14 13 179 15 13 172 16 9 445 17 12 1 18 8 7 19 49 3 20 3 7 21 49 1 22 8 4 23 44 176 24 5 446 25 10 182 26 11 446 27 10 176 28 5 444 29 4 5 30 48 10 31 94 9 32 98 10 33 94 5 34 48 6 35 47 179 36 13 445 37 12 185 38 227 185 39 227 445 40 12 447 41 226 11 42 100 4 43 44 8 44 95 4 45 44 11 46 100 7 47 49 448 48 18 188 49 19 446 50 15 182 51 14 446 52 15 188 53 19 10 54 94 13 55 140 9 56 98 13 57 140 10 58 94 14 59 139 449 60 20 185 61 16 447 62 17 185 63 16 449 64 20 191 65 21 11 66 100 8 67 95 12 68 136 11 69 100 12 70 136 15 71 141 450 72 22 194 73 23 448 74 18 188 75 19 448 76 18 194 77 23 14 78 139 18 79 187 13 80 140 13 81 140 18 82 187 17 83 188 451 84 24 191 85 21 449 86 20 191 87 21 451 88 24 197 89 25 12 90 136 19 91 194 15 92 141 19 93 194 12 94 136 16 95 193 194 96 23 450 97 22 200 98 27 450 99 22 452 100 26 200 101 27 18 102 187 22 103 189 17 104 188 17 105 188 22 106 189 21 107 199 197 108 25 453 109 28 203 110 29 453 111 28 197 112 25 451 113 24 16 114 193 23 115 196 19 116 194 23 117 196 16 118 193 20 119 195 200 120 27 452 121 26 218 122 31 452 123 26 458 124 30 218 125 31 21 126 199 34 127 200 33 128 201 34 129 200 21 130 199 22 131 189 203 132 29 459 133 32 221 134 33 459 135 32 203 136 29 453 137 28 35 138 198 23 139 196 20 140 195 20 141 195 32 142 197 35 143 198 456 144 38 210 145 39 204 146 34 456 147 38 204 148 34 205 149 35 30 150 1373 25 151 1375 29 152 1376 25 153 1375 30 154 1373 26 155 1374 457 156 40 213 157 41 207 158 36 457 159 40 207 160 36 455 161 37 27 162 1379 31 163 1380 24 164 1378 24 165 1378 31 166 1380 28 167 1377 217 168 235 216 169 236 210 170 39 217 171 235 210 172 39 456 173 38 34 174 200 29 175 206 33 176 201 29 177 206 34 178 200 30 179 205 220 180 238 219 181 239 213 182 41 220 183 238 213 184 41 457 185 40 35 186 198 32 187 197 28 188 211 35 189 198 28 190 211 31 191 212 209 192 1381 205 193 1383 204 194 1384 205 195 1383 209 196 1381 208 197 1382 520 198 1315 437 199 1316 438 200 1317 520 201 1315 438 202 1317 439 203 1314 145 204 218 155 205 207 154 206 217 155 207 207 145 208 218 144 209 219 148 210 215 152 211 213 151 212 214 152 213 213 148 214 215 147 215 216 228 216 42 229 217 43 224 218 51 224 219 51 229 220 43 460 221 50 42 222 473 36 223 467 40 224 471 36 225 467 42 226 473 39 227 477 231 228 45 232 229 46 227 230 55 227 231 55 232 232 46 461 233 54 37 234 476 43 235 470 41 236 475 43 237 470 37 238 476 38 239 469 234 240 52 229 241 43 228 242 42 229 243 43 234 244 52 235 245 53 40 246 471 46 247 489 42 248 473 46 249 489 40 250 471 44 251 484 237 252 58 238 253 59 231 254 45 231 255 45 238 256 59 232 257 46 47 258 486 41 259 475 43 260 470 41 261 475 47 262 486 45 263 488 235 264 60 240 265 56 241 266 57 240 267 56 235 268 60 234 269 61 46 270 489 48 271 490 50 272 495 48 273 490 46 274 489 44 275 484 238 276 66 243 277 62 244 278 63 243 279 62 238 280 66 237 281 67 51 282 492 49 283 494 47 284 486 47 285 486 49 286 494 45 287 488 241 288 57 246 289 64 247 290 65 246 291 64 241 292 57 240 293 56 54 294 1259 50 295 495 48 296 490 48 297 490 52 298 1258 54 299 1259 243 300 62 250 301 71 244 302 63 250 303 71 243 304 62 249 305 70 49 306 494 55 307 1202 53 308 1203 55 309 1202 49 310 494 51 311 492 246 312 64 253 313 69 247 314 65 253 315 69 246 316 64 252 317 68 58 318 1261 54 319 1259 52 320 1258 52 321 1258 56 322 1260 58 323 1261 250 324 71 255 325 74 256 326 75 255 327 74 250 328 71 249 329 70 53 330 1203 59 331 1204 57 332 1205 59 333 1204 53 334 1203 55 335 1202 253 336 69 258 337 72 259 338 73 258 339 72 253 340 69 252 341 68 56 342 1260 62 343 1263 58 344 1261 62 345 1263 56 346 1260 60 347 1262 255 348 74 262 349 81 256 350 75 262 351 81 255 352 74 261 353 80 59 354 1204 63 355 1206 57 356 1205 57 357 1205 63 358 1206 61 359 1207 474 360 294 266 361 298 475 362 293 269 363 292 475 364 293 266 365 298 68 366 76 65 367 78 69 368 79 65 369 78 68 370 76 64 371 77 271 372 301 272 373 302 477 374 83 275 375 82 477 376 83 272 377 302 66 378 548 70 379 323 71 380 324 70 381 323 66 382 548 67 383 322 475 384 293 269 385 292 472 386 300 260 387 299 472 388 300 269 389 292 62 390 1263 64 391 1264 68 392 1265 64 393 1264 62 394 1263 60 395 1262 477 396 83 275 397 82 473 398 307 263 399 303 473 400 307 275 401 82 61 402 1207 63 403 1206 67 404 1209 63 405 1206 70 406 1208 67 407 1209 266 408 1416 476 409 1418 270 410 1419 476 411 1418 266 412 1416 474 413 1417 279 414 183 227 415 180 461 416 181 461 417 181 479 418 182 279 419 183 284 420 97 277 421 93 480 422 96 277 423 93 284 424 97 276 425 92 78 426 1268 72 427 1266 74 428 1267 72 429 1266 78 430 1268 77 431 1269 287 432 105 479 433 101 481 434 104 479 435 101 287 436 105 279 437 99 73 438 1211 79 439 1213 75 440 1210 79 441 1213 73 442 1211 76 443 1212 482 444 102 290 445 103 480 446 96 480 447 96 290 448 103 284 449 97 82 450 1270 77 451 1269 78 452 1268 81 453 1271 77 454 1269 82 455 1270 483 456 108 287 457 105 481 458 104 287 459 105 483 460 108 293 461 109 76 462 1212 83 463 1215 79 464 1213 83 465 1215 76 466 1212 80 467 1214 484 468 110 290 469 106 482 470 107 290 471 106 484 472 110 296 473 111 85 474 1273 82 475 1270 86 476 1272 82 477 1270 85 478 1273 81 479 1271 299 480 117 483 481 113 485 482 116 483 483 113 299 484 117 293 485 112 84 486 1216 83 487 1215 80 488 1214 84 489 1216 87 490 1217 83 491 1215 302 492 115 484 493 110 486 494 114 484 495 110 302 496 115 296 497 111 89 498 1275 85 499 1273 90 500 1274 85 501 1273 86 502 1272 90 503 1274 487 504 120 299 505 117 485 506 116 299 507 117 487 508 120 305 509 121 91 510 1219 84 511 1216 88 512 1218 84 513 1216 91 514 1219 87 515 1217 308 516 119 486 517 114 488 518 118 486 519 114 308 520 119 302 521 115 93 522 1277 89 523 1275 94 524 1276 94 525 1276 89 526 1275 90 527 1274 489 528 132 305 529 121 487 530 120 305 531 121 489 532 132 311 533 133 95 534 1221 88 535 1218 92 536 1220 88 537 1218 95 538 1221 91 539 1219 326 540 131 488 541 118 494 542 130 488 543 118 326 544 131 308 545 119 105 546 1279 94 547 1276 106 548 1278 94 549 1276 105 550 1279 93 551 1277 495 552 358 311 553 133 489 554 132 311 555 133 495 556 358 329 557 359 104 558 1222 95 559 1221 92 560 1220 95 561 1221 104 562 1222 107 563 1223 312 564 349 313 565 350 492 566 351 312 567 349 492 568 351 318 569 355 97 570 124 102 571 122 98 572 123 102 573 122 97 574 124 101 575 125 315 576 360 491 577 364 493 578 365 315 579 360 493 580 365 321 581 366 103 582 129 100 583 126 96 584 127 103 585 129 96 586 127 99 587 128 318 588 355 492 589 351 325 590 356 318 591 355 325 592 356 324 593 357 101 594 1281 106 595 1278 102 596 1280 106 597 1278 101 598 1281 105 599 1279 321 600 366 493 601 365 328 602 370 321 603 366 328 604 370 327 605 371 103 606 1225 107 607 1223 100 608 1224 100 609 1224 107 610 1223 104 611 1222 313 612 375 317 613 373 316 614 374 317 615 373 313 616 375 312 617 376 413 618 134 521 619 135 401 620 143 401 621 143 521 622 135 400 623 142 152 624 213 163 625 1227 151 626 214 163 627 1227 152 628 213 162 629 1226 171 630 87 334 631 85 172 632 86 334 633 85 171 634 87 335 635 84 157 636 1284 167 637 1282 409 638 1283 167 639 1282 157 640 1284 156 641 1285 160 642 1230 164 643 1228 408 644 1229 164 645 1228 160 646 1230 159 647 1231 332 648 203 337 649 145 496 650 202 337 651 145 332 652 203 336 653 144 111 654 1289 108 655 1286 114 656 1288 108 657 1286 112 658 1287 114 659 1288 335 660 147 340 661 138 334 662 146 340 663 138 335 664 147 339 665 137 115 666 1233 109 667 1235 110 668 1232 109 669 1235 115 670 1233 113 671 1234 336 672 144 343 673 208 337 674 145 343 675 208 336 676 144 342 677 204 116 678 1290 118 679 1291 112 680 1287 114 681 1288 112 682 1287 118 683 1291 340 684 138 345 685 150 346 686 151 345 687 150 340 688 138 339 689 137 113 690 1234 119 691 1236 117 692 1237 119 693 1236 113 694 1234 115 695 1233 343 696 152 348 697 148 349 698 149 348 699 148 343 700 152 342 701 153 120 702 1292 118 703 1291 116 704 1290 118 705 1291 120 706 1292 122 707 1293 346 708 158 345 709 159 352 710 155 351 711 154 352 712 155 345 713 159 121 714 1239 119 715 1236 123 716 1238 121 717 1239 117 718 1237 119 719 1236 349 720 149 354 721 156 355 722 157 354 723 156 349 724 149 348 725 148 126 726 1295 120 727 1292 124 728 1294 120 729 1292 126 730 1295 122 731 1293 352 732 155 351 733 154 358 734 163 357 735 162 358 736 163 351 737 154 121 738 1239 127 739 1240 125 740 1241 127 741 1240 121 742 1239 123 743 1238 360 744 160 355 745 157 354 746 156 355 747 157 360 748 160 361 749 161 130 750 1297 124 751 1294 128 752 1296 124 753 1294 130 754 1297 126 755 1295 363 756 166 364 757 167 357 758 162 364 759 167 358 760 163 357 761 162 131 762 1242 125 763 1241 127 764 1240 125 765 1241 131 766 1242 129 767 1243 366 768 164 361 769 161 360 770 160 361 771 161 366 772 164 367 773 165 134 774 1299 130 775 1297 132 776 1298 132 777 1298 130 778 1297 128 779 1296 369 780 415 370 781 416 363 782 166 370 783 416 364 784 167 363 785 166 133 786 1245 131 787 1242 135 788 1244 131 789 1242 133 790 1245 129 791 1243 374 792 412 511 793 407 510 794 408 511 795 407 374 796 412 377 797 406 137 798 170 140 799 168 136 800 169 140 801 168 137 802 170 141 803 171 380 804 423 513 805 421 379 806 422 513 807 421 380 808 423 383 809 417 139 810 172 142 811 173 138 812 175 142 813 173 143 814 174 138 815 175 377 816 406 508 817 414 511 818 407 508 819 414 377 820 406 368 821 413 136 822 1300 134 823 1299 132 824 1298 134 825 1299 136 826 1300 140 827 1301 383 828 417 509 829 428 513 830 421 509 831 428 383 832 417 371 833 427 139 834 1247 135 835 1244 142 836 1246 135 837 1244 139 838 1247 133 839 1245 512 840 438 374 841 436 510 842 437 374 843 436 512 844 438 378 845 442 154 846 217 165 847 1302 166 848 1303 165 849 1302 154 850 217 155 851 207 170 852 184 442 853 185 384 854 190 442 855 185 514 856 186 384 857 190 388 858 1320 430 859 1318 524 860 1319 430 861 1318 388 862 1320 441 863 1321 390 864 192 224 865 51 460 866 50 390 867 192 460 868 50 516 869 191 0 870 2 153 871 1304 2 872 6 153 873 1304 0 874 2 146 875 1305 146 876 1305 405 877 1306 153 878 1304 405 879 1306 146 880 1305 402 881 1307 39 882 477 144 883 219 36 884 467 144 885 219 39 886 477 155 887 207 37 888 476 150 889 1248 38 890 469 150 891 1248 37 892 476 149 893 1249 149 894 1249 404 895 1250 150 896 1248 404 897 1250 149 898 1249 403 899 1251 3 900 3 147 901 216 1 902 8 147 903 216 3 904 3 152 905 213 278 906 209 517 907 334 393 908 335 517 909 334 278 910 209 478 911 210 393 912 335 517 913 334 396 914 337 396 915 337 517 916 334 518 917 336 519 918 338 332 919 203 496 920 202 332 921 203 519 922 338 399 923 339 38 924 469 164 925 1228 75 926 1210 164 927 1228 38 928 469 150 929 1248 404 930 1250 164 931 1228 150 932 1248 164 933 1228 404 934 1250 408 935 1229 152 936 213 110 937 1232 162 938 1226 110 939 1232 152 940 213 3 941 3 72 942 1266 165 943 1302 74 944 1267 165 945 1302 72 946 1266 158 947 1308 158 948 1308 166 949 1303 165 950 1302 166 951 1303 158 952 1308 406 953 1309 111 954 1289 156 955 1285 108 956 1286 156 957 1285 111 958 1289 167 959 1282 109 960 1235 162 961 1226 110 962 1232 162 963 1226 109 964 1235 161 965 1252 161 966 1252 163 967 1227 162 968 1226 163 969 1227 161 970 1252 407 971 1253 75 972 1210 159 973 1231 73 974 1211 159 975 1231 75 976 1210 164 977 1228 153 978 1304 111 979 1289 2 980 6 111 981 1289 153 982 1304 167 983 1282 153 984 1304 409 985 1283 167 986 1282 409 987 1283 153 988 1304 405 989 1306 155 990 207 74 991 1267 165 992 1302 74 993 1267 155 994 207 39 995 477 170 996 184 0 997 220 174 998 222 174 999 222 0 1000 220 5 1001 221 442 1002 185 170 1003 184 175 1004 223 175 1005 223 170 1006 184 174 1007 222 1 1008 225 168 1009 0 4 1010 224 4 1011 224 168 1012 0 176 1013 5 173 1014 228 3 1015 232 177 1016 234 177 1017 234 3 1018 232 7 1019 233 443 1020 516 173 1021 228 178 1022 518 178 1023 518 173 1024 228 177 1025 234 171 1026 7 6 1027 1460 2 1028 1461 6 1029 1460 171 1030 7 179 1031 13 174 1032 222 5 1033 221 180 1034 230 180 1035 230 5 1036 221 9 1037 229 175 1038 223 180 1039 230 181 1040 231 180 1041 230 175 1042 223 174 1043 222 176 1044 5 8 1045 277 4 1046 224 8 1047 277 176 1048 5 182 1049 11 177 1050 234 7 1051 233 183 1052 1463 183 1053 1463 7 1054 233 11 1055 1462 178 1056 518 177 1057 234 184 1058 1464 184 1059 1464 177 1060 234 183 1061 1463 179 1062 13 10 1063 1465 6 1064 1460 10 1065 1465 179 1066 13 185 1067 227 13 1068 242 186 1069 243 9 1070 241 180 1071 237 9 1072 241 186 1073 243 186 1074 243 187 1075 248 180 1076 237 181 1077 247 180 1078 237 187 1079 248 182 1080 14 12 1081 249 8 1082 253 12 1083 249 182 1084 14 188 1085 19 15 1086 245 183 1087 240 11 1088 244 183 1089 240 15 1090 245 189 1091 246 189 1092 246 184 1093 250 183 1094 240 184 1095 250 189 1096 246 190 1097 251 10 1098 256 191 1099 21 14 1100 252 191 1101 21 10 1102 256 185 1103 16 17 1104 254 192 1105 255 13 1106 242 186 1107 243 13 1108 242 192 1109 255 192 1110 255 193 1111 259 186 1112 243 187 1113 248 186 1114 243 193 1115 259 188 1116 19 16 1117 260 12 1118 249 16 1119 260 188 1120 19 194 1121 23 19 1122 257 189 1123 246 15 1124 245 189 1125 246 19 1126 257 195 1127 258 195 1128 258 190 1129 251 189 1130 246 190 1131 251 195 1132 258 196 1133 262 14 1134 252 197 1135 25 18 1136 263 197 1137 25 14 1138 252 191 1139 21 192 1140 255 21 1141 261 198 1142 265 21 1143 261 192 1144 255 17 1145 254 193 1146 259 198 1147 265 199 1148 266 198 1149 265 193 1150 259 192 1151 255 16 1152 260 200 1153 27 20 1154 267 200 1155 27 16 1156 260 194 1157 23 195 1158 258 19 1159 257 201 1160 268 19 1161 257 23 1162 264 201 1163 268 196 1164 262 195 1165 258 202 1166 269 195 1167 258 201 1168 268 202 1169 269 197 1170 25 22 1171 270 18 1172 263 22 1173 270 197 1174 25 203 1175 29 198 1176 265 33 1177 271 216 1178 236 33 1179 271 198 1180 265 21 1181 261 199 1182 266 198 1183 265 217 1184 235 198 1185 265 216 1186 236 217 1187 235 200 1188 27 32 1189 272 20 1190 267 32 1191 272 200 1192 27 218 1193 31 201 1194 268 23 1195 264 219 1196 239 23 1197 264 35 1198 274 219 1199 239 202 1200 269 219 1201 239 220 1202 238 219 1203 239 202 1204 269 201 1205 268 22 1206 270 221 1207 33 34 1208 275 221 1209 33 22 1210 270 203 1211 29 28 1212 521 212 1213 523 24 1214 519 24 1215 519 212 1216 523 206 1217 273 212 1218 523 211 1219 527 206 1220 273 206 1221 273 211 1222 527 454 1223 525 210 1224 39 29 1225 529 25 1226 531 210 1227 39 25 1228 531 204 1229 34 30 1230 522 215 1231 524 26 1232 520 26 1233 520 215 1234 524 209 1235 276 215 1236 524 214 1237 528 209 1238 276 209 1239 276 214 1240 528 208 1241 526 213 1242 41 31 1243 530 27 1244 532 213 1245 41 27 1246 532 207 1247 36 32 1248 272 218 1249 31 28 1250 521 28 1251 521 218 1252 31 212 1253 523 458 1254 30 212 1255 523 218 1256 31 212 1257 523 458 1258 30 211 1259 527 216 1260 236 33 1261 271 29 1262 529 216 1263 236 29 1264 529 210 1265 39 34 1266 275 221 1267 33 30 1268 522 30 1269 522 221 1270 33 215 1271 524 459 1272 32 215 1273 524 221 1274 33 215 1275 524 459 1276 32 214 1277 528 219 1278 239 35 1279 274 31 1280 530 219 1281 239 31 1282 530 213 1283 41 207 1284 1385 27 1285 1379 206 1286 1386 206 1287 1386 27 1288 1379 24 1289 1378 455 1290 1387 206 1291 1386 454 1292 1388 206 1293 1386 455 1294 1387 207 1295 1385 26 1296 1374 209 1297 1381 25 1298 1375 25 1299 1375 209 1300 1381 204 1301 1384 149 1302 280 389 1303 278 403 1304 279 389 1305 278 149 1306 280 390 1307 192 436 1308 503 411 1309 479 435 1310 497 411 1311 479 436 1312 503 525 1313 504 392 1314 281 144 1315 282 410 1316 287 144 1317 282 145 1318 286 410 1319 287 230 1320 288 40 1321 449 222 1322 466 222 1323 466 40 1324 449 36 1325 455 462 1326 468 230 1327 288 223 1328 485 223 1329 485 230 1330 288 222 1331 466 228 1332 42 37 1333 487 41 1334 514 37 1335 487 228 1336 42 224 1337 51 233 1338 283 43 1339 284 225 1340 289 225 1341 289 43 1342 284 38 1343 285 463 1344 290 233 1345 283 226 1346 291 226 1347 291 233 1348 283 225 1349 289 42 1350 296 231 1351 45 39 1352 295 39 1353 295 231 1354 45 227 1355 55 236 1356 515 44 1357 517 230 1358 288 230 1359 288 44 1360 517 40 1361 449 464 1362 533 230 1363 288 462 1364 468 230 1365 288 464 1366 533 236 1367 515 45 1368 534 234 1369 52 41 1370 514 41 1371 514 234 1372 52 228 1373 42 239 1374 297 47 1375 535 233 1376 283 233 1377 283 47 1378 535 43 1379 284 465 1380 537 239 1381 297 463 1382 290 463 1383 290 239 1384 297 233 1385 283 46 1386 539 237 1387 58 42 1388 296 42 1389 296 237 1390 58 231 1391 45 44 1392 306 242 1393 304 48 1394 305 242 1395 304 44 1396 306 236 1397 310 236 1398 310 466 1399 311 242 1400 304 466 1401 311 236 1402 310 464 1403 312 49 1404 317 234 1405 61 45 1406 316 234 1407 61 49 1408 317 240 1409 56 239 1410 314 51 1411 309 47 1412 313 51 1413 309 239 1414 314 245 1415 308 239 1416 314 467 1417 315 245 1418 308 467 1419 315 239 1420 314 465 1421 319 50 1422 321 243 1423 62 46 1424 320 237 1425 67 46 1426 320 243 1427 62 48 1428 305 248 1429 318 52 1430 325 248 1431 318 48 1432 305 242 1433 304 242 1434 304 468 1435 326 248 1436 318 468 1437 326 242 1438 304 466 1439 311 53 1440 327 240 1441 56 49 1442 317 240 1443 56 53 1444 327 246 1445 64 245 1446 308 55 1447 329 51 1448 309 55 1449 329 245 1450 308 251 1451 328 467 1452 315 251 1453 328 245 1454 308 251 1455 328 467 1456 315 469 1457 330 54 1458 331 249 1459 70 50 1460 321 243 1461 62 50 1462 321 249 1463 70 248 1464 318 56 1465 540 52 1466 325 56 1467 540 248 1468 318 254 1469 538 248 1470 318 470 1471 542 254 1472 538 470 1473 542 248 1474 318 468 1475 326 246 1476 64 53 1477 327 252 1478 68 53 1479 327 57 1480 544 252 1481 68 55 1482 329 257 1483 332 59 1484 333 257 1485 332 55 1486 329 251 1487 328 469 1488 330 257 1489 332 251 1490 328 257 1491 332 469 1492 330 471 1493 541 249 1494 70 58 1495 543 255 1496 74 58 1497 543 249 1498 70 54 1499 331 254 1500 538 60 1501 546 56 1502 540 60 1503 546 254 1504 538 260 1505 299 254 1506 538 472 1507 300 260 1508 299 472 1509 300 254 1510 538 470 1511 542 252 1512 68 57 1513 544 258 1514 72 57 1515 544 61 1516 549 258 1517 72 59 1518 333 263 1519 303 63 1520 545 263 1521 303 59 1522 333 257 1523 332 471 1524 541 263 1525 303 257 1526 332 263 1527 303 471 1528 541 473 1529 307 255 1530 74 62 1531 547 261 1532 80 62 1533 547 255 1534 74 58 1535 543 267 1536 1403 67 1537 1404 66 1538 1405 267 1539 1403 66 1540 1405 264 1541 1406 268 1542 1407 267 1543 1403 264 1544 1406 268 1545 1407 264 1546 1406 265 1547 1408 64 1548 1410 269 1549 292 65 1550 1409 65 1551 1409 269 1552 292 266 1553 298 273 1554 550 68 1555 551 69 1556 1424 273 1557 550 69 1558 1424 270 1559 1425 270 1560 1425 274 1561 1426 273 1562 550 274 1563 1426 270 1564 1425 476 1565 1427 70 1566 1429 275 1567 82 71 1568 1428 71 1569 1428 275 1570 82 272 1571 302 258 1572 72 61 1573 549 67 1574 1404 258 1575 72 67 1576 1404 267 1577 1403 259 1578 73 258 1579 72 267 1580 1403 259 1581 73 267 1582 1403 268 1583 1407 60 1584 546 260 1585 299 64 1586 1410 64 1587 1410 260 1588 299 269 1589 292 261 1590 80 62 1591 547 68 1592 551 261 1593 80 68 1594 551 273 1595 550 262 1596 81 261 1597 80 273 1598 550 262 1599 81 273 1600 550 274 1601 1426 63 1602 545 263 1603 303 70 1604 1429 70 1605 1429 263 1606 303 275 1607 82 264 1608 1420 66 1609 548 272 1610 1421 272 1611 1421 66 1612 548 71 1613 324 265 1614 1422 272 1615 1421 271 1616 1423 272 1617 1421 265 1618 1422 264 1619 1420 65 1620 78 266 1621 1416 69 1622 79 69 1623 79 266 1624 1416 270 1625 1419 225 1626 1194 75 1627 1196 281 1628 1197 75 1629 1196 225 1630 1194 38 1631 1195 280 1632 1199 226 1633 1198 225 1634 1194 225 1635 1194 281 1636 1197 280 1637 1199 39 1638 1201 279 1639 183 74 1640 1200 279 1641 183 39 1642 1201 227 1643 180 77 1644 344 282 1645 345 72 1646 343 72 1647 343 282 1648 345 278 1649 209 282 1650 345 283 1651 391 278 1652 209 278 1653 209 283 1654 391 478 1655 210 284 1656 97 76 1657 392 276 1658 92 276 1659 92 76 1660 392 73 1661 393 79 1662 342 285 1663 346 75 1664 341 75 1665 341 285 1666 346 281 1667 340 285 1668 346 286 1669 348 281 1670 340 281 1671 340 286 1672 348 280 1673 347 287 1674 105 78 1675 352 279 1676 99 279 1677 99 78 1678 352 74 1679 353 288 1680 395 77 1681 344 81 1682 394 77 1683 344 288 1684 395 282 1685 345 288 1686 395 289 1687 396 282 1688 345 282 1689 345 289 1690 396 283 1691 391 290 1692 103 80 1693 400 284 1694 97 284 1695 97 80 1696 400 76 1697 392 291 1698 554 79 1699 342 83 1700 354 79 1701 342 291 1702 554 285 1703 346 291 1704 554 286 1705 348 285 1706 346 286 1707 348 291 1708 554 292 1709 556 293 1710 109 82 1711 558 287 1712 105 287 1713 105 82 1714 558 78 1715 352 85 1716 363 288 1717 361 81 1718 362 288 1719 361 85 1720 363 294 1721 367 295 1722 369 288 1723 361 294 1724 367 288 1725 361 295 1726 369 289 1727 368 80 1728 380 296 1729 111 84 1730 379 296 1731 111 80 1732 380 290 1733 106 297 1734 384 83 1735 382 87 1736 383 83 1737 382 297 1738 384 291 1739 372 298 1740 389 291 1741 372 297 1742 384 291 1743 372 298 1744 389 292 1745 388 82 1746 560 293 1747 112 86 1748 390 299 1749 117 86 1750 390 293 1751 112 89 1752 381 294 1753 367 85 1754 363 294 1755 367 89 1756 381 300 1757 385 301 1758 386 294 1759 367 300 1760 385 294 1761 367 301 1762 386 295 1763 369 84 1764 379 302 1765 115 88 1766 387 302 1767 115 84 1768 379 296 1769 111 303 1770 564 87 1771 383 91 1772 562 87 1773 383 303 1774 564 297 1775 384 303 1776 564 298 1777 389 297 1778 384 298 1779 389 303 1780 564 304 1781 568 86 1782 390 299 1783 117 90 1784 570 305 1785 121 90 1786 570 299 1787 117 93 1788 557 300 1789 385 89 1790 381 300 1791 385 93 1792 557 306 1793 559 307 1794 561 300 1795 385 306 1796 559 300 1797 385 307 1798 561 301 1799 386 308 1800 119 88 1801 387 302 1802 115 88 1803 387 308 1804 119 92 1805 563 309 1806 1390 91 1807 562 95 1808 1389 91 1809 562 309 1810 1390 303 1811 564 309 1812 1390 304 1813 568 303 1814 564 304 1815 568 309 1816 1390 310 1817 1391 311 1818 133 94 1819 1392 305 1820 121 94 1821 1392 90 1822 570 305 1823 121 105 1824 567 306 1825 559 93 1826 557 306 1827 559 105 1828 567 324 1829 357 325 1830 356 306 1831 559 324 1832 357 306 1833 559 325 1834 356 307 1835 561 326 1836 131 92 1837 563 308 1838 119 92 1839 563 326 1840 131 104 1841 569 327 1842 371 95 1843 1389 107 1844 1393 95 1845 1389 327 1846 371 309 1847 1390 327 1848 371 310 1849 1391 309 1850 1390 310 1851 1391 327 1852 371 328 1853 370 329 1854 359 106 1855 1394 311 1856 133 106 1857 1394 94 1858 1392 311 1859 133 100 1860 1432 320 1861 1433 96 1862 1431 314 1863 1430 96 1864 1431 320 1865 1433 320 1866 1433 319 1867 1435 314 1868 1430 490 1869 1434 314 1870 1430 319 1871 1435 97 1872 1437 312 1873 349 318 1874 355 318 1875 355 101 1876 1436 97 1877 1437 102 1878 1397 323 1879 1398 98 1880 1396 317 1881 1395 98 1882 1396 323 1883 1398 323 1884 1398 322 1885 1400 317 1886 1395 316 1887 1399 317 1888 1395 322 1889 1400 99 1890 1402 315 1891 360 321 1892 366 321 1893 366 103 1894 1401 99 1895 1402 104 1896 569 326 1897 131 100 1898 1432 320 1899 1433 100 1900 1432 326 1901 131 326 1902 131 494 1903 130 320 1904 1433 319 1905 1435 320 1906 1433 494 1907 130 101 1908 1436 318 1909 355 324 1910 357 324 1911 357 105 1912 567 101 1913 1436 106 1914 1394 329 1915 359 102 1916 1397 323 1917 1398 102 1918 1397 329 1919 359 329 1920 359 495 1921 358 323 1922 1398 322 1923 1400 323 1924 1398 495 1925 358 103 1926 1401 321 1927 366 327 1928 371 327 1929 371 107 1930 1393 103 1931 1401 96 1932 127 314 1933 378 99 1934 128 99 1935 128 314 1936 378 315 1937 377 314 1938 378 491 1939 565 315 1940 377 491 1941 565 314 1942 378 490 1943 566 312 1944 376 97 1945 124 317 1946 373 317 1947 373 97 1948 124 98 1949 123 398 1950 401 161 1951 457 399 1952 339 161 1953 457 398 1954 401 407 1955 402 414 1956 458 398 1957 401 519 1958 338 519 1959 338 398 1960 401 399 1961 339 157 1962 460 401 1963 143 156 1964 459 401 1965 143 157 1966 460 413 1967 134 173 1968 91 110 1969 89 3 1970 90 110 1971 89 173 1972 91 333 1973 88 173 1974 91 497 1975 176 333 1976 88 497 1977 176 173 1978 91 443 1979 177 335 1980 84 171 1981 87 2 1982 178 2 1983 178 111 1984 179 335 1985 84 108 1986 463 330 1987 464 112 1988 462 112 1989 462 330 1990 464 338 1991 461 330 1992 464 331 1993 472 338 1994 461 338 1995 461 331 1996 472 498 1997 465 332 1998 203 109 1999 474 336 2000 144 336 2001 144 109 2002 474 113 2003 481 110 2004 399 333 2005 403 115 2006 398 115 2007 398 333 2008 403 341 2009 397 333 2010 403 497 2011 405 341 2012 397 341 2013 397 497 2014 405 499 2015 404 335 2016 147 111 2017 409 339 2018 137 339 2019 137 111 2020 409 114 2021 410 112 2022 462 338 2023 461 116 2024 483 116 2025 483 338 2026 461 344 2027 482 338 2028 461 500 2029 491 344 2030 482 500 2031 491 338 2032 461 498 2033 465 336 2034 144 113 2035 481 342 2036 204 342 2037 204 113 2038 481 117 2039 493 115 2040 398 341 2041 397 119 2042 573 119 2043 573 341 2044 397 347 2045 411 341 2046 397 501 2047 575 347 2048 411 501 2049 575 341 2050 397 499 2051 404 339 2052 137 114 2053 410 345 2054 150 345 2055 150 114 2056 410 118 2057 577 116 2058 420 344 2059 424 120 2060 419 350 2061 418 120 2062 419 344 2063 424 344 2064 424 502 2065 425 350 2066 418 502 2067 425 344 2068 424 500 2069 426 348 2070 148 117 2071 430 121 2072 431 117 2073 430 348 2074 148 342 2075 153 119 2076 434 353 2077 429 123 2078 433 353 2079 429 119 2080 434 347 2081 435 347 2082 435 501 2083 446 353 2084 429 503 2085 445 353 2086 429 501 2087 446 122 2088 579 345 2089 159 118 2090 447 345 2091 159 122 2092 579 351 2093 154 120 2094 419 350 2095 418 124 2096 439 356 2097 432 124 2098 439 350 2099 418 350 2100 418 504 2101 440 356 2102 432 504 2103 440 350 2104 418 502 2105 425 354 2106 156 121 2107 431 125 2108 441 121 2109 431 354 2110 156 348 2111 148 123 2112 433 359 2113 581 127 2114 583 359 2115 581 123 2116 433 353 2117 429 353 2118 429 503 2119 445 359 2120 581 505 2121 585 359 2122 581 503 2123 445 126 2124 589 351 2125 154 122 2126 579 351 2127 154 126 2128 589 357 2129 162 362 2130 576 128 2131 578 356 2132 432 128 2133 578 124 2134 439 356 2135 432 506 2136 580 356 2137 432 504 2138 440 356 2139 432 506 2140 580 362 2141 576 360 2142 160 125 2143 441 129 2144 582 125 2145 441 360 2146 160 354 2147 156 365 2148 1446 127 2149 583 359 2150 581 127 2151 583 365 2152 1446 131 2153 1447 507 2154 1448 365 2155 1446 505 2156 585 365 2157 1446 359 2158 581 505 2159 585 130 2160 1449 357 2161 162 126 2162 589 357 2163 162 130 2164 1449 363 2165 166 368 2166 413 132 2167 584 362 2168 576 132 2169 584 128 2170 578 362 2171 576 508 2172 414 362 2173 576 506 2174 580 362 2175 576 508 2176 414 368 2177 413 366 2178 164 129 2179 582 133 2180 587 129 2181 582 366 2182 164 360 2183 160 371 2184 427 131 2185 1447 365 2186 1446 131 2187 1447 371 2188 427 135 2189 1450 509 2190 428 371 2191 427 507 2192 1448 371 2193 427 365 2194 1446 507 2195 1448 134 2196 1451 363 2197 166 130 2198 1449 363 2199 166 134 2200 1451 369 2201 415 138 2202 1440 372 2203 1441 375 2204 1438 375 2205 1438 139 2206 1439 138 2207 1440 372 2208 1441 373 2209 1443 376 2210 1442 376 2211 1442 375 2212 1438 372 2213 1441 136 2214 1445 377 2215 406 137 2216 1444 374 2217 412 137 2218 1444 377 2219 406 141 2220 1454 378 2221 1455 381 2222 1452 381 2223 1452 140 2224 1453 141 2225 1454 378 2226 1455 512 2227 1457 382 2228 1456 382 2229 1456 381 2230 1452 378 2231 1455 142 2232 1459 383 2233 417 143 2234 1458 380 2235 423 143 2236 1458 383 2237 417 139 2238 1439 375 2239 1438 366 2240 164 366 2241 164 133 2242 587 139 2243 1439 375 2244 1438 376 2245 1442 367 2246 165 375 2247 1438 367 2248 165 366 2249 164 132 2250 584 368 2251 413 136 2252 1445 377 2253 406 136 2254 1445 368 2255 413 140 2256 1453 381 2257 1452 369 2258 415 369 2259 415 134 2260 1451 140 2261 1453 381 2262 1452 382 2263 1456 370 2264 416 381 2265 1452 370 2266 416 369 2267 415 135 2268 1450 371 2269 427 142 2270 1459 383 2271 417 142 2272 1459 371 2273 427 143 2274 174 380 2275 444 138 2276 175 138 2277 175 380 2278 444 372 2279 443 380 2280 444 373 2281 586 372 2282 443 373 2283 586 380 2284 444 379 2285 588 378 2286 442 141 2287 171 374 2288 436 374 2289 436 141 2290 171 137 2291 170 147 2292 536 168 2293 0 1 2294 225 168 2295 0 147 2296 536 386 2297 590 169 2298 1 386 2299 590 385 2300 592 386 2301 590 169 2302 1 168 2303 0 146 2304 1363 170 2305 184 384 2306 190 170 2307 184 146 2308 1363 0 2309 220 148 2310 1364 412 2311 1365 147 2312 536 147 2313 536 412 2314 1365 386 2315 590 432 2316 506 433 2317 507 515 2318 508 432 2319 506 515 2320 508 431 2321 505 387 2322 1366 146 2323 1363 384 2324 190 146 2325 1363 387 2326 1366 402 2327 1367 144 2328 282 222 2329 466 36 2330 455 222 2331 466 144 2332 282 392 2333 281 223 2334 485 392 2335 281 391 2336 1368 392 2337 281 223 2338 485 222 2339 466 37 2340 487 224 2341 51 149 2342 280 390 2343 192 149 2344 280 224 2345 51 276 2346 92 159 2347 499 395 2348 500 159 2349 499 276 2350 92 73 2351 393 277 2352 93 395 2353 500 394 2354 501 395 2355 500 277 2356 93 276 2357 92 72 2358 343 393 2359 335 158 2360 552 393 2361 335 72 2362 343 278 2363 209 395 2364 500 160 2365 553 415 2366 555 160 2367 553 395 2368 500 159 2369 499 394 2370 501 395 2371 500 397 2372 571 397 2373 571 395 2374 500 415 2375 555 158 2376 552 396 2377 337 406 2378 572 396 2379 337 158 2380 552 393 2381 335 156 2382 459 330 2383 464 108 2384 463 330 2385 464 156 2386 459 401 2387 143 401 2388 143 331 2389 472 330 2390 464 331 2391 472 401 2392 143 400 2393 142 399 2394 339 109 2395 474 332 2396 203 109 2397 474 399 2398 339 161 2399 457 410 2400 287 145 2401 286 424 2402 1370 424 2403 1370 145 2404 286 416 2405 1369 145 2406 218 419 2407 1310 416 2408 1311 419 2409 1310 145 2410 218 154 2411 217 148 2412 215 418 2413 1254 417 2414 1255 418 2415 1254 148 2416 215 151 2417 214 420 2418 574 427 2419 593 157 2420 460 157 2421 460 427 2422 593 413 2423 134 151 2424 214 163 2425 1227 418 2426 1254 418 2427 1254 163 2428 1227 422 2429 1256 423 2430 1312 157 2431 1284 409 2432 1283 157 2433 1284 423 2434 1312 420 2435 1313 422 2436 1256 160 2437 1230 408 2438 1229 160 2439 1230 422 2440 1256 421 2441 1257 154 2442 217 423 2443 1312 419 2444 1310 423 2445 1312 154 2446 217 166 2447 1303 522 2448 1323 520 2449 1315 439 2450 1314 522 2451 1323 439 2452 1314 440 2453 1322 435 2454 497 425 2455 591 434 2456 601 425 2457 591 435 2458 497 411 2459 479 403 2460 279 426 2461 1371 417 2462 1372 426 2463 1371 403 2464 279 389 2465 278 427 2466 593 523 2467 594 413 2468 134 413 2469 134 523 2470 594 521 2471 135 429 2472 597 414 2473 458 428 2474 595 414 2475 458 429 2476 597 398 2477 401 429 2478 597 421 2479 599 398 2480 401 398 2481 401 421 2482 599 407 2483 402 424 2484 1370 402 2485 1367 387 2486 1366 402 2487 1367 424 2488 1370 416 2489 1369 416 2490 1311 405 2491 1306 402 2492 1307 405 2493 1306 416 2494 1311 419 2495 1310 417 2496 1255 404 2497 1250 403 2498 1251 404 2499 1250 417 2500 1255 418 2501 1254 406 2502 572 396 2503 337 420 2504 574 420 2505 574 396 2506 337 427 2507 593 418 2508 1254 408 2509 1229 404 2510 1250 408 2511 1229 418 2512 1254 422 2513 1256 166 2514 1303 420 2515 1313 423 2516 1312 420 2517 1313 166 2518 1303 406 2519 1309 163 2520 1227 421 2521 1257 422 2522 1256 421 2523 1257 163 2524 1227 407 2525 1253 419 2526 1310 423 2527 1312 405 2528 1306 405 2529 1306 423 2530 1312 409 2531 1283 522 2532 1323 441 2533 1321 388 2534 1320 441 2535 1321 522 2536 1323 440 2537 1322 433 2538 507 434 2539 601 425 2540 591 433 2541 507 425 2542 591 515 2543 508 417 2544 1372 426 2545 1371 148 2546 1364 426 2547 1371 412 2548 1365 148 2549 1364 396 2550 337 523 2551 594 427 2552 593 523 2553 594 396 2554 337 518 2555 336 415 2556 555 428 2557 595 397 2558 571 428 2559 595 415 2560 555 429 2561 597 160 2562 553 429 2563 597 415 2564 555 429 2565 597 160 2566 553 421 2567 599 524 2568 1338 384 2569 1336 514 2570 1337 384 2571 1336 524 2572 1338 430 2573 1339 386 2574 1341 431 2575 1343 385 2576 1340 431 2577 1343 386 2578 1341 432 2579 1342 412 2580 453 432 2581 480 386 2582 450 432 2583 480 412 2584 453 433 2585 454 426 2586 498 433 2587 454 412 2588 453 433 2589 454 426 2590 498 434 2591 1411 389 2592 1412 434 2593 1411 426 2594 498 434 2595 1411 389 2596 1412 435 2597 1413 390 2598 1414 435 2599 1413 389 2600 1412 435 2601 1413 390 2602 1414 436 2603 1415 390 2604 1324 516 2605 1325 525 2606 1326 390 2607 1324 525 2608 1326 436 2609 1327 392 2610 1329 437 2611 1331 391 2612 1328 437 2613 1331 392 2614 1329 438 2615 1330 392 2616 448 410 2617 451 439 2618 456 392 2619 448 439 2620 456 438 2621 478 424 2622 496 439 2623 456 410 2624 451 439 2625 456 424 2626 496 440 2627 502 424 2628 496 387 2629 510 441 2630 511 424 2631 496 441 2632 511 440 2633 502 387 2634 510 384 2635 512 430 2636 513 387 2637 510 430 2638 513 441 2639 511 444 2640 4 169 2641 1 175 2642 223 169 2643 1 442 2644 185 175 2645 223 178 2646 518 445 2647 12 172 2648 9 172 2649 9 443 2650 516 178 2651 518 446 2652 10 175 2653 223 181 2654 231 175 2655 223 446 2656 10 444 2657 4 184 2658 1464 447 2659 226 445 2660 12 445 2661 12 178 2662 518 184 2663 1464 181 2664 247 187 2665 248 446 2666 15 446 2667 15 187 2668 248 448 2669 18 447 2670 17 184 2671 250 190 2672 251 447 2673 17 190 2674 251 449 2675 20 187 2676 248 193 2677 259 448 2678 18 448 2679 18 193 2680 259 450 2681 22 190 2682 251 451 2683 24 449 2684 20 451 2685 24 190 2686 251 196 2687 262 193 2688 259 199 2689 266 450 2690 22 450 2691 22 199 2692 266 452 2693 26 196 2694 262 453 2695 28 451 2696 24 453 2697 28 196 2698 262 202 2699 269 199 2700 266 217 2701 235 452 2702 26 452 2703 26 217 2704 235 458 2705 30 202 2706 269 459 2707 32 453 2708 28 459 2709 32 202 2710 269 220 2711 238 456 2712 38 454 2713 525 211 2714 527 454 2715 525 456 2716 38 205 2717 35 457 2718 40 455 2719 37 214 2720 528 214 2721 528 455 2722 37 208 2723 526 217 2724 235 456 2725 38 458 2726 30 458 2727 30 456 2728 38 211 2729 527 220 2730 238 214 2731 528 459 2732 32 214 2733 528 220 2734 238 457 2735 40 455 2736 1387 454 2737 1388 208 2738 1382 205 2739 1383 208 2740 1382 454 2741 1388 534 2742 1467 526 2743 1469 527 2744 1466 526 2745 1469 534 2746 1467 535 2747 1468 460 2748 50 462 2749 468 223 2750 485 462 2751 468 460 2752 50 229 2753 43 226 2754 291 461 2755 54 232 2756 46 232 2757 46 463 2758 290 226 2759 291 229 2760 43 464 2761 533 462 2762 468 464 2763 533 229 2764 43 235 2765 53 463 2766 290 232 2767 46 238 2768 59 238 2769 59 465 2770 537 463 2771 290 235 2772 60 466 2773 311 464 2774 312 466 2775 311 235 2776 60 241 2777 57 465 2778 319 238 2779 66 244 2780 63 465 2781 319 244 2782 63 467 2783 315 241 2784 57 468 2785 326 466 2786 311 468 2787 326 241 2788 57 247 2789 65 244 2790 63 250 2791 71 467 2792 315 467 2793 315 250 2794 71 469 2795 330 247 2796 65 470 2797 542 468 2798 326 470 2799 542 247 2800 65 253 2801 69 250 2802 71 256 2803 75 469 2804 330 469 2805 330 256 2806 75 471 2807 541 253 2808 69 472 2809 300 470 2810 542 472 2811 300 253 2812 69 259 2813 73 256 2814 75 262 2815 81 471 2816 541 471 2817 541 262 2818 81 473 2819 307 268 2820 1407 265 2821 1408 475 2822 293 475 2823 293 265 2824 1408 474 2825 294 274 2826 1426 271 2827 301 477 2828 83 271 2829 301 274 2830 1426 476 2831 1427 259 2832 73 475 2833 293 472 2834 300 475 2835 293 259 2836 73 268 2837 1407 262 2838 81 274 2839 1426 473 2840 307 473 2841 307 274 2842 1426 477 2843 83 265 2844 1422 271 2845 1423 474 2846 1417 476 2847 1418 474 2848 1417 271 2849 1423 226 2850 1198 479 2851 182 461 2852 181 479 2853 182 226 2854 1198 280 2855 1199 283 2856 391 277 2857 93 478 2858 210 277 2859 93 283 2860 391 480 2861 96 286 2862 348 479 2863 101 280 2864 347 479 2865 101 286 2866 348 481 2867 104 289 2868 396 480 2869 96 283 2870 391 480 2871 96 289 2872 396 482 2873 102 292 2874 556 481 2875 104 286 2876 348 481 2877 104 292 2878 556 483 2879 108 484 2880 110 289 2881 368 295 2882 369 289 2883 368 484 2884 110 482 2885 107 298 2886 389 485 2887 116 483 2888 113 298 2889 389 483 2890 113 292 2891 388 486 2892 114 295 2893 369 301 2894 386 295 2895 369 486 2896 114 484 2897 110 487 2898 120 485 2899 116 304 2900 568 304 2901 568 485 2902 116 298 2903 389 488 2904 118 301 2905 386 307 2906 561 301 2907 386 488 2908 118 486 2909 114 489 2910 132 487 2911 120 310 2912 1391 310 2913 1391 487 2914 120 304 2915 568 494 2916 130 307 2917 561 325 2918 356 307 2919 561 494 2920 130 488 2921 118 495 2922 358 489 2923 132 328 2924 370 328 2925 370 489 2926 132 310 2927 1391 490 2928 1434 492 2929 351 313 2930 350 492 2931 351 490 2932 1434 319 2933 1435 316 2934 1399 322 2935 1400 491 2936 364 491 2937 364 322 2938 1400 493 2939 365 319 2940 1435 494 2941 130 492 2942 351 492 2943 351 494 2944 130 325 2945 356 322 2946 1400 328 2947 370 493 2948 365 328 2949 370 322 2950 1400 495 2951 358 490 2952 566 316 2953 374 491 2954 565 316 2955 374 490 2956 566 313 2957 375 414 2958 458 519 2959 338 521 2960 135 400 2961 142 521 2962 135 519 2963 338 172 2964 86 334 2965 85 443 2966 177 443 2967 177 334 2968 85 497 2969 176 331 2970 472 337 2971 145 498 2972 465 337 2973 145 331 2974 472 496 2975 202 497 2976 405 340 2977 138 499 2978 404 340 2979 138 497 2980 405 334 2981 146 498 2982 465 343 2983 208 500 2984 491 343 2985 208 498 2986 465 337 2987 145 499 2988 404 346 2989 151 501 2990 575 346 2991 151 499 2992 404 340 2993 138 502 2994 425 500 2995 426 349 2996 149 349 2997 149 500 2998 426 343 2999 152 503 3000 445 346 3001 158 352 3002 155 346 3003 158 503 3004 445 501 3005 446 504 3006 440 502 3007 425 355 3008 157 355 3009 157 502 3010 425 349 3011 149 505 3012 585 352 3013 155 358 3014 163 352 3015 155 505 3016 585 503 3017 445 506 3018 580 504 3019 440 361 3020 161 361 3021 161 504 3022 440 355 3023 157 507 3024 1448 358 3025 163 364 3026 167 358 3027 163 507 3028 1448 505 3029 585 508 3030 414 506 3031 580 367 3032 165 367 3033 165 506 3034 580 361 3035 161 509 3036 428 364 3037 167 370 3038 416 364 3039 167 509 3040 428 507 3041 1448 510 3042 408 511 3043 407 373 3044 1443 373 3045 1443 511 3046 407 376 3047 1442 379 3048 422 382 3049 1456 512 3050 1457 382 3051 1456 379 3052 422 513 3053 421 511 3054 407 367 3055 165 376 3056 1442 367 3057 165 511 3058 407 508 3059 414 513 3060 421 509 3061 428 382 3062 1456 382 3063 1456 509 3064 428 370 3065 416 379 3066 588 510 3067 437 373 3068 586 510 3069 437 379 3070 588 512 3071 438 169 3072 1 514 3073 186 442 3074 185 514 3075 186 169 3076 1 385 3077 592 531 3078 1471 529 3079 1473 530 3080 1470 529 3081 1473 531 3082 1471 532 3083 1472 223 3084 485 516 3085 191 460 3086 50 516 3087 191 223 3088 485 391 3089 1368 277 3090 93 394 3091 501 478 3092 210 517 3093 334 478 3094 210 394 3095 501 394 3096 501 397 3097 571 517 3098 334 518 3099 336 517 3100 334 397 3101 571 400 3102 142 496 3103 202 331 3104 472 496 3105 202 400 3106 142 519 3107 338 533 3108 1475 527 3109 1466 528 3110 1474 527 3111 1466 533 3112 1475 534 3113 1467 523 3114 594 414 3115 458 521 3116 135 414 3117 458 523 3118 594 428 3119 595 532 3120 1472 528 3121 1474 529 3122 1473 528 3123 1474 532 3124 1472 533 3125 1475 518 3126 336 428 3127 595 523 3128 594 428 3129 595 518 3130 336 397 3131 571 385 3132 1340 524 3133 1338 514 3134 1337 524 3135 1338 385 3136 1340 431 3137 1343 391 3138 1328 525 3139 1326 516 3140 1325 525 3141 1326 391 3142 1328 437 3143 1331 537 3144 596 437 3145 452 520 3146 509 437 3147 452 537 3148 596 536 3149 598 538 3150 1348 520 3151 509 522 3152 600 520 3153 509 538 3154 1348 537 3155 596 539 3156 1350 522 3157 600 388 3158 1349 522 3159 600 539 3160 1350 538 3161 1348 540 3162 1352 388 3163 1349 524 3164 1351 388 3165 1349 540 3166 1352 539 3167 1350 541 3168 1344 540 3169 1345 431 3170 1343 524 3171 1338 431 3172 1343 540 3173 1345 542 3174 1355 541 3175 1356 515 3176 1354 431 3177 1353 515 3178 1354 541 3179 1356 543 3180 1358 542 3181 1355 425 3182 1357 515 3183 1354 425 3184 1357 542 3185 1355 544 3186 1360 543 3187 1358 411 3188 1359 425 3189 1357 411 3190 1359 543 3191 1358 545 3192 1362 544 3193 1360 525 3194 1361 411 3195 1359 525 3196 1361 544 3197 1360 536 3198 1332 545 3199 1333 437 3200 1331 525 3201 1326 437 3202 1331 545 3203 1333 526 3204 604 537 3205 602 527 3206 603 537 3207 602 526 3208 604 536 3209 605 527 3210 603 538 3211 606 528 3212 612 538 3213 606 527 3214 603 537 3215 602 528 3216 612 539 3217 613 529 3218 614 539 3219 613 528 3220 612 538 3221 606 529 3222 614 539 3223 613 530 3224 616 530 3225 616 539 3226 613 540 3227 615 530 3228 1347 541 3229 1478 531 3230 1346 541 3231 1478 530 3232 1347 540 3233 1479 542 3234 607 531 3235 609 541 3236 610 531 3237 609 542 3238 607 532 3239 608 543 3240 611 532 3241 608 542 3242 607 532 3243 608 543 3244 611 533 3245 617 544 3246 618 533 3247 617 543 3248 611 533 3249 617 544 3250 618 534 3251 619 545 3252 620 535 3253 621 544 3254 618 544 3255 618 535 3256 621 534 3257 619 526 3258 1334 535 3259 1335 545 3260 1477 526 3261 1334 545 3262 1477 536 3263 1476 561 3264 850 547 3265 848 562 3266 849 547 3267 848 561 3268 850 546 3269 847 562 3270 849 548 3271 851 563 3272 852 548 3273 851 562 3274 849 547 3275 848 563 3276 852 549 3277 853 564 3278 854 549 3279 853 563 3280 852 548 3281 851 564 3282 854 550 3283 855 565 3284 856 550 3285 855 564 3286 854 549 3287 853 565 3288 856 551 3289 857 566 3290 858 551 3291 857 565 3292 856 550 3293 855 566 3294 858 552 3295 859 567 3296 860 552 3297 859 566 3298 858 551 3299 857 567 3300 860 553 3301 861 568 3302 862 553 3303 861 567 3304 860 552 3305 859 568 3306 862 554 3307 863 569 3308 864 554 3309 863 568 3310 862 553 3311 861 569 3312 864 555 3313 865 570 3314 866 555 3315 865 569 3316 864 554 3317 863 571 3318 868 570 3319 866 555 3320 865 571 3321 868 555 3322 865 556 3323 867 572 3324 870 571 3325 868 556 3326 867 572 3327 870 556 3328 867 557 3329 869 572 3330 870 558 3331 871 573 3332 872 558 3333 871 572 3334 870 557 3335 869 573 3336 872 559 3337 873 574 3338 874 559 3339 873 573 3340 872 558 3341 871 575 3342 876 574 3343 874 559 3344 873 575 3345 876 559 3346 873 560 3347 875 576 3348 878 562 3349 849 577 3350 877 562 3351 849 576 3352 878 561 3353 850 577 3354 877 563 3355 852 578 3356 879 563 3357 852 577 3358 877 562 3359 849 578 3360 879 564 3361 854 579 3362 880 564 3363 854 578 3364 879 563 3365 852 579 3366 880 565 3367 856 580 3368 881 565 3369 856 579 3370 880 564 3371 854 580 3372 881 566 3373 858 581 3374 882 566 3375 858 580 3376 881 565 3377 856 581 3378 882 567 3379 860 582 3380 883 567 3381 860 581 3382 882 566 3383 858 582 3384 883 568 3385 862 583 3386 884 568 3387 862 582 3388 883 567 3389 860 583 3390 884 569 3391 864 584 3392 885 569 3393 864 583 3394 884 568 3395 862 584 3396 885 570 3397 866 585 3398 886 570 3399 866 584 3400 885 569 3401 864 585 3402 886 571 3403 868 586 3404 887 571 3405 868 585 3406 886 570 3407 866 587 3408 888 586 3409 887 571 3410 868 587 3411 888 571 3412 868 572 3413 870 588 3414 889 587 3415 888 572 3416 870 588 3417 889 572 3418 870 573 3419 872 588 3420 889 574 3421 874 589 3422 890 574 3423 874 588 3424 889 573 3425 872 590 3426 891 589 3427 890 574 3428 874 590 3429 891 574 3430 874 575 3431 876 592 3432 892 591 3433 893 576 3434 878 576 3435 878 577 3436 877 592 3437 892 593 3438 894 592 3439 892 577 3440 877 577 3441 877 578 3442 879 593 3443 894 593 3444 894 578 3445 879 594 3446 895 578 3447 879 579 3448 880 594 3449 895 595 3450 896 594 3451 895 579 3452 880 579 3453 880 580 3454 881 595 3455 896 596 3456 897 595 3457 896 580 3458 881 596 3459 897 580 3460 881 581 3461 882 597 3462 898 596 3463 897 581 3464 882 597 3465 898 581 3466 882 582 3467 883 598 3468 899 597 3469 898 582 3470 883 598 3471 899 582 3472 883 583 3473 884 598 3474 899 584 3475 885 599 3476 900 584 3477 885 598 3478 899 583 3479 884 599 3480 900 585 3481 886 600 3482 901 585 3483 886 599 3484 900 584 3485 885 600 3486 901 586 3487 887 601 3488 902 586 3489 887 600 3490 901 585 3491 886 601 3492 902 587 3493 888 602 3494 903 587 3495 888 601 3496 902 586 3497 887 602 3498 903 588 3499 889 603 3500 904 588 3501 889 602 3502 903 587 3503 888 603 3504 904 589 3505 890 604 3506 905 589 3507 890 603 3508 904 588 3509 889 604 3510 905 590 3511 891 605 3512 906 590 3513 891 604 3514 905 589 3515 890 607 3516 907 606 3517 908 591 3518 893 591 3519 893 592 3520 892 607 3521 907 608 3522 909 607 3523 907 592 3524 892 592 3525 892 593 3526 894 608 3527 909 608 3528 909 593 3529 894 609 3530 910 593 3531 894 594 3532 895 609 3533 910 610 3534 911 609 3535 910 594 3536 895 594 3537 895 595 3538 896 610 3539 911 611 3540 912 610 3541 911 595 3542 896 595 3543 896 596 3544 897 611 3545 912 612 3546 913 611 3547 912 596 3548 897 596 3549 897 597 3550 898 612 3551 913 613 3552 914 612 3553 913 597 3554 898 613 3555 914 597 3556 898 598 3557 899 613 3558 914 599 3559 900 614 3560 915 599 3561 900 613 3562 914 598 3563 899 614 3564 915 600 3565 901 615 3566 916 600 3567 901 614 3568 915 599 3569 900 615 3570 916 601 3571 902 616 3572 917 601 3573 902 615 3574 916 600 3575 901 616 3576 917 602 3577 903 617 3578 918 602 3579 903 616 3580 917 601 3581 902 617 3582 918 603 3583 904 618 3584 919 603 3585 904 617 3586 918 602 3587 903 618 3588 919 604 3589 905 619 3590 920 604 3591 905 618 3592 919 603 3593 904 619 3594 920 605 3595 906 620 3596 921 605 3597 906 619 3598 920 604 3599 905 622 3600 922 621 3601 923 606 3602 908 606 3603 908 607 3604 907 622 3605 922 623 3606 924 622 3607 922 607 3608 907 607 3609 907 608 3610 909 623 3611 924 623 3612 924 608 3613 909 624 3614 925 608 3615 909 609 3616 910 624 3617 925 625 3618 926 624 3619 925 609 3620 910 609 3621 910 610 3622 911 625 3623 926 626 3624 927 625 3625 926 610 3626 911 610 3627 911 611 3628 912 626 3629 927 627 3630 928 626 3631 927 611 3632 912 611 3633 912 612 3634 913 627 3635 928 628 3636 929 627 3637 928 612 3638 913 628 3639 929 612 3640 913 613 3641 914 629 3642 930 628 3643 929 613 3644 914 629 3645 930 613 3646 914 614 3647 915 629 3648 930 615 3649 916 630 3650 931 615 3651 916 629 3652 930 614 3653 915 630 3654 931 616 3655 917 631 3656 932 616 3657 917 630 3658 931 615 3659 916 631 3660 932 617 3661 918 632 3662 933 617 3663 918 631 3664 932 616 3665 917 632 3666 933 618 3667 919 633 3668 934 618 3669 919 632 3670 933 617 3671 918 633 3672 934 619 3673 920 634 3674 935 619 3675 920 633 3676 934 618 3677 919 634 3678 935 620 3679 921 635 3680 936 620 3681 921 634 3682 935 619 3683 920 637 3684 937 636 3685 938 621 3686 923 621 3687 923 622 3688 922 637 3689 937 638 3690 939 637 3691 937 622 3692 922 622 3693 922 623 3694 924 638 3695 939 638 3696 939 623 3697 924 639 3698 940 623 3699 924 624 3700 925 639 3701 940 640 3702 941 639 3703 940 624 3704 925 624 3705 925 625 3706 926 640 3707 941 641 3708 942 640 3709 941 625 3710 926 625 3711 926 626 3712 927 641 3713 942 642 3714 943 641 3715 942 626 3716 927 626 3717 927 627 3718 928 642 3719 943 643 3720 944 642 3721 943 627 3722 928 643 3723 944 627 3724 928 628 3725 929 644 3726 945 643 3727 944 628 3728 929 644 3729 945 628 3730 929 629 3731 930 644 3732 945 630 3733 931 645 3734 946 630 3735 931 644 3736 945 629 3737 930 645 3738 946 631 3739 932 646 3740 947 631 3741 932 645 3742 946 630 3743 931 646 3744 947 632 3745 933 647 3746 948 632 3747 933 646 3748 947 631 3749 932 647 3750 948 633 3751 934 648 3752 949 633 3753 934 647 3754 948 632 3755 933 648 3756 949 634 3757 935 649 3758 950 634 3759 935 648 3760 949 633 3761 934 649 3762 950 635 3763 936 650 3764 951 635 3765 936 649 3766 950 634 3767 935 652 3768 952 651 3769 953 636 3770 938 652 3771 952 636 3772 938 637 3773 937 653 3774 954 652 3775 952 637 3776 937 653 3777 954 637 3778 937 638 3779 939 653 3780 954 639 3781 940 654 3782 955 639 3783 940 653 3784 954 638 3785 939 655 3786 956 654 3787 955 639 3788 940 655 3789 956 639 3790 940 640 3791 941 656 3792 957 655 3793 956 640 3794 941 656 3795 957 640 3796 941 641 3797 942 657 3798 958 656 3799 957 641 3800 942 657 3801 958 641 3802 942 642 3803 943 658 3804 959 657 3805 958 642 3806 943 658 3807 959 642 3808 943 643 3809 944 659 3810 960 658 3811 959 643 3812 944 659 3813 960 643 3814 944 644 3815 945 659 3816 960 645 3817 946 660 3818 961 645 3819 946 659 3820 960 644 3821 945 660 3822 961 646 3823 947 661 3824 962 646 3825 947 660 3826 961 645 3827 946 661 3828 962 647 3829 948 662 3830 963 647 3831 948 661 3832 962 646 3833 947 662 3834 963 648 3835 949 663 3836 964 648 3837 949 662 3838 963 647 3839 948 663 3840 964 649 3841 950 664 3842 965 649 3843 950 663 3844 964 648 3845 949 664 3846 965 650 3847 951 665 3848 966 650 3849 951 664 3850 965 649 3851 950 666 3852 968 652 3853 952 667 3854 967 652 3855 952 666 3856 968 651 3857 953 668 3858 969 667 3859 967 652 3860 952 668 3861 969 652 3862 952 653 3863 954 668 3864 969 654 3865 955 669 3866 970 654 3867 955 668 3868 969 653 3869 954 669 3870 970 655 3871 956 670 3872 971 655 3873 956 669 3874 970 654 3875 955 671 3876 972 670 3877 971 655 3878 956 671 3879 972 655 3880 956 656 3881 957 672 3882 973 671 3883 972 656 3884 957 672 3885 973 656 3886 957 657 3887 958 672 3888 973 658 3889 959 673 3890 974 658 3891 959 672 3892 973 657 3893 958 673 3894 974 659 3895 960 674 3896 975 659 3897 960 673 3898 974 658 3899 959 674 3900 975 660 3901 961 675 3902 976 660 3903 961 674 3904 975 659 3905 960 676 3906 977 675 3907 976 660 3908 961 676 3909 977 660 3910 961 661 3911 962 676 3912 977 662 3913 963 677 3914 978 662 3915 963 676 3916 977 661 3917 962 677 3918 978 663 3919 964 678 3920 979 663 3921 964 677 3922 978 662 3923 963 678 3924 979 664 3925 965 679 3926 980 664 3927 965 678 3928 979 663 3929 964 679 3930 980 665 3931 966 680 3932 981 665 3933 966 679 3934 980 664 3935 965 681 3936 983 667 3937 967 682 3938 982 667 3939 967 681 3940 983 666 3941 968 683 3942 984 682 3943 982 667 3944 967 683 3945 984 667 3946 967 668 3947 969 683 3948 984 669 3949 970 684 3950 985 669 3951 970 683 3952 984 668 3953 969 684 3954 985 670 3955 971 685 3956 986 670 3957 971 684 3958 985 669 3959 970 685 3960 986 671 3961 972 686 3962 987 671 3963 972 685 3964 986 670 3965 971 686 3966 987 672 3967 973 687 3968 988 672 3969 973 686 3970 987 671 3971 972 687 3972 988 673 3973 974 688 3974 989 673 3975 974 687 3976 988 672 3977 973 688 3978 989 674 3979 975 689 3980 990 674 3981 975 688 3982 989 673 3983 974 690 3984 991 689 3985 990 674 3986 975 690 3987 991 674 3988 975 675 3989 976 691 3990 992 690 3991 991 675 3992 976 691 3993 992 675 3994 976 676 3995 977 691 3996 992 677 3997 978 692 3998 993 677 3999 978 691 4000 992 676 4001 977 692 4002 993 678 4003 979 693 4004 994 678 4005 979 692 4006 993 677 4007 978 693 4008 994 679 4009 980 694 4010 995 679 4011 980 693 4012 994 678 4013 979 694 4014 995 680 4015 981 695 4016 996 680 4017 981 694 4018 995 679 4019 980 696 4020 998 682 4021 982 697 4022 997 682 4023 982 696 4024 998 681 4025 983 698 4026 999 697 4027 997 682 4028 982 698 4029 999 682 4030 982 683 4031 984 699 4032 1000 698 4033 999 683 4034 984 699 4035 1000 683 4036 984 684 4037 985 699 4038 1000 685 4039 986 700 4040 1001 685 4041 986 699 4042 1000 684 4043 985 700 4044 1001 686 4045 987 701 4046 1002 686 4047 987 700 4048 1001 685 4049 986 701 4050 1002 687 4051 988 702 4052 1003 687 4053 988 701 4054 1002 686 4055 987 702 4056 1003 688 4057 989 703 4058 1004 688 4059 989 702 4060 1003 687 4061 988 703 4062 1004 689 4063 990 704 4064 1005 689 4065 990 703 4066 1004 688 4067 989 705 4068 1006 704 4069 1005 689 4070 990 705 4071 1006 689 4072 990 690 4073 991 706 4074 1007 705 4075 1006 690 4076 991 706 4077 1007 690 4078 991 691 4079 992 706 4080 1007 692 4081 993 707 4082 1008 692 4083 993 706 4084 1007 691 4085 992 707 4086 1008 693 4087 994 708 4088 1009 693 4089 994 707 4090 1008 692 4091 993 708 4092 1009 694 4093 995 709 4094 1010 694 4095 995 708 4096 1009 693 4097 994 709 4098 1010 695 4099 996 710 4100 1011 695 4101 996 709 4102 1010 694 4103 995 712 4104 1012 711 4105 1013 696 4106 998 696 4107 998 697 4108 997 712 4109 1012 713 4110 1014 712 4111 1012 697 4112 997 697 4113 997 698 4114 999 713 4115 1014 714 4116 1015 713 4117 1014 698 4118 999 714 4119 1015 698 4120 999 699 4121 1000 714 4122 1015 700 4123 1001 715 4124 1016 700 4125 1001 714 4126 1015 699 4127 1000 715 4128 1016 701 4129 1002 716 4130 1017 701 4131 1002 715 4132 1016 700 4133 1001 716 4134 1017 702 4135 1003 717 4136 1018 702 4137 1003 716 4138 1017 701 4139 1002 717 4140 1018 703 4141 1004 718 4142 1019 703 4143 1004 717 4144 1018 702 4145 1003 718 4146 1019 704 4147 1005 719 4148 1020 704 4149 1005 718 4150 1019 703 4151 1004 720 4152 1021 719 4153 1020 704 4154 1005 720 4155 1021 704 4156 1005 705 4157 1006 721 4158 1022 720 4159 1021 705 4160 1006 721 4161 1022 705 4162 1006 706 4163 1007 721 4164 1022 707 4165 1008 722 4166 1023 707 4167 1008 721 4168 1022 706 4169 1007 722 4170 1023 708 4171 1009 723 4172 1024 708 4173 1009 722 4174 1023 707 4175 1008 723 4176 1024 709 4177 1010 724 4178 1025 709 4179 1010 723 4180 1024 708 4181 1009 724 4182 1025 710 4183 1011 725 4184 1026 710 4185 1011 724 4186 1025 709 4187 1010 727 4188 1027 726 4189 1028 711 4190 1013 711 4191 1013 712 4192 1012 727 4193 1027 728 4194 1029 727 4195 1027 712 4196 1012 712 4197 1012 713 4198 1014 728 4199 1029 729 4200 1030 728 4201 1029 713 4202 1014 729 4203 1030 713 4204 1014 714 4205 1015 730 4206 1031 729 4207 1030 714 4208 1015 730 4209 1031 714 4210 1015 715 4211 1016 731 4212 1032 730 4213 1031 715 4214 1016 731 4215 1032 715 4216 1016 716 4217 1017 732 4218 1033 731 4219 1032 716 4220 1017 732 4221 1033 716 4222 1017 717 4223 1018 733 4224 1034 732 4225 1033 717 4226 1018 733 4227 1034 717 4228 1018 718 4229 1019 734 4230 1035 733 4231 1034 718 4232 1019 734 4233 1035 718 4234 1019 719 4235 1020 735 4236 1036 734 4237 1035 719 4238 1020 735 4239 1036 719 4240 1020 720 4241 1021 735 4242 1036 721 4243 1022 736 4244 1037 721 4245 1022 735 4246 1036 720 4247 1021 736 4248 1037 722 4249 1023 737 4250 1038 722 4251 1023 736 4252 1037 721 4253 1022 737 4254 1038 723 4255 1024 738 4256 1039 723 4257 1024 737 4258 1038 722 4259 1023 738 4260 1039 724 4261 1025 739 4262 1040 724 4263 1025 738 4264 1039 723 4265 1024 739 4266 1040 725 4267 1026 740 4268 1041 725 4269 1026 739 4270 1040 724 4271 1025 742 4272 1042 741 4273 1043 726 4274 1028 726 4275 1028 727 4276 1027 742 4277 1042 743 4278 1044 742 4279 1042 727 4280 1027 727 4281 1027 728 4282 1029 743 4283 1044 744 4284 1045 743 4285 1044 728 4286 1029 728 4287 1029 729 4288 1030 744 4289 1045 745 4290 1046 744 4291 1045 729 4292 1030 729 4293 1030 730 4294 1031 745 4295 1046 746 4296 1047 745 4297 1046 730 4298 1031 730 4299 1031 731 4300 1032 746 4301 1047 747 4302 1048 746 4303 1047 731 4304 1032 731 4305 1032 732 4306 1033 747 4307 1048 748 4308 1049 747 4309 1048 732 4310 1033 748 4311 1049 732 4312 1033 733 4313 1034 749 4314 1050 748 4315 1049 733 4316 1034 749 4317 1050 733 4318 1034 734 4319 1035 750 4320 1051 749 4321 1050 734 4322 1035 750 4323 1051 734 4324 1035 735 4325 1036 750 4326 1051 736 4327 1037 751 4328 1052 736 4329 1037 750 4330 1051 735 4331 1036 751 4332 1052 737 4333 1038 752 4334 1053 737 4335 1038 751 4336 1052 736 4337 1037 752 4338 1053 738 4339 1039 753 4340 1054 738 4341 1039 752 4342 1053 737 4343 1038 753 4344 1054 739 4345 1040 754 4346 1055 739 4347 1040 753 4348 1054 738 4349 1039 754 4350 1055 740 4351 1041 755 4352 1056 740 4353 1041 754 4354 1055 739 4355 1040 757 4356 1057 756 4357 1058 741 4358 1043 741 4359 1043 742 4360 1042 757 4361 1057 758 4362 1059 757 4363 1057 742 4364 1042 742 4365 1042 743 4366 1044 758 4367 1059 759 4368 1060 758 4369 1059 743 4370 1044 743 4371 1044 744 4372 1045 759 4373 1060 760 4374 1061 759 4375 1060 744 4376 1045 744 4377 1045 745 4378 1046 760 4379 1061 761 4380 1062 760 4381 1061 745 4382 1046 745 4383 1046 746 4384 1047 761 4385 1062 762 4386 1063 761 4387 1062 746 4388 1047 746 4389 1047 747 4390 1048 762 4391 1063 763 4392 1064 762 4393 1063 747 4394 1048 763 4395 1064 747 4396 1048 748 4397 1049 764 4398 1065 763 4399 1064 748 4400 1049 764 4401 1065 748 4402 1049 749 4403 1050 765 4404 1066 764 4405 1065 749 4406 1050 765 4407 1066 749 4408 1050 750 4409 1051 765 4410 1066 751 4411 1052 766 4412 1067 751 4413 1052 765 4414 1066 750 4415 1051 766 4416 1067 752 4417 1053 767 4418 1068 752 4419 1053 766 4420 1067 751 4421 1052 767 4422 1068 753 4423 1054 768 4424 1069 753 4425 1054 767 4426 1068 752 4427 1053 768 4428 1069 754 4429 1055 769 4430 1070 754 4431 1055 768 4432 1069 753 4433 1054 769 4434 1070 755 4435 1056 770 4436 1071 755 4437 1056 769 4438 1070 754 4439 1055 772 4440 639 786 4441 641 787 4442 638 786 4443 641 772 4444 639 771 4445 640 773 4446 643 787 4447 638 788 4448 642 787 4449 638 773 4450 643 772 4451 639 774 4452 645 788 4453 642 789 4454 644 788 4455 642 774 4456 645 773 4457 643 789 4458 644 775 4459 647 774 4460 645 775 4461 647 789 4462 644 790 4463 646 776 4464 649 790 4465 646 791 4466 648 790 4467 646 776 4468 649 775 4469 647 777 4470 653 791 4471 648 792 4472 650 791 4473 648 777 4474 653 776 4475 649 792 4476 650 778 4477 655 777 4478 653 778 4479 655 792 4480 650 793 4481 654 793 4482 654 779 4483 657 778 4484 655 779 4485 657 793 4486 654 794 4487 656 794 4488 656 780 4489 659 779 4490 657 780 4491 659 794 4492 656 795 4493 658 795 4494 658 796 4495 660 780 4496 659 796 4497 660 781 4498 661 780 4499 659 782 4500 663 781 4501 661 797 4502 662 796 4503 660 797 4504 662 781 4505 661 797 4506 662 783 4507 665 782 4508 663 783 4509 665 797 4510 662 798 4511 664 798 4512 664 784 4513 669 783 4514 665 784 4515 669 798 4516 664 799 4517 668 799 4518 668 800 4519 670 784 4520 669 800 4521 670 785 4522 671 784 4523 669 787 4524 638 801 4525 673 802 4526 672 801 4527 673 787 4528 638 786 4529 641 788 4530 642 802 4531 672 803 4532 674 802 4533 672 788 4534 642 787 4535 638 789 4536 644 803 4537 674 804 4538 675 803 4539 674 789 4540 644 788 4541 642 804 4542 675 790 4543 646 789 4544 644 790 4545 646 804 4546 675 805 4547 676 791 4548 648 805 4549 676 806 4550 677 805 4551 676 791 4552 648 790 4553 646 792 4554 650 806 4555 677 807 4556 678 806 4557 677 792 4558 650 791 4559 648 807 4560 678 793 4561 654 792 4562 650 793 4563 654 807 4564 678 808 4565 679 808 4566 679 794 4567 656 793 4568 654 794 4569 656 808 4570 679 809 4571 680 809 4572 680 795 4573 658 794 4574 656 795 4575 658 809 4576 680 810 4577 683 810 4578 683 796 4579 660 795 4580 658 796 4581 660 810 4582 683 811 4583 684 797 4584 662 796 4585 660 812 4586 685 811 4587 684 812 4588 685 796 4589 660 812 4590 685 813 4591 686 797 4592 662 813 4593 686 798 4594 664 797 4595 662 813 4596 686 799 4597 668 798 4598 664 799 4599 668 813 4600 686 814 4601 687 814 4602 687 815 4603 688 799 4604 668 815 4605 688 800 4606 670 799 4607 668 816 4608 690 817 4609 689 801 4610 673 817 4611 689 802 4612 672 801 4613 673 817 4614 689 818 4615 691 802 4616 672 818 4617 691 803 4618 674 802 4619 672 803 4620 674 818 4621 691 819 4622 692 819 4623 692 804 4624 675 803 4625 674 819 4626 692 820 4627 693 804 4628 675 820 4629 693 805 4630 676 804 4631 675 820 4632 693 821 4633 694 805 4634 676 821 4635 694 806 4636 677 805 4637 676 821 4638 694 822 4639 695 806 4640 677 822 4641 695 807 4642 678 806 4643 677 822 4644 695 823 4645 698 807 4646 678 823 4647 698 808 4648 679 807 4649 678 809 4650 680 823 4651 698 824 4652 699 823 4653 698 809 4654 680 808 4655 679 810 4656 683 824 4657 699 825 4658 700 824 4659 699 810 4660 683 809 4661 680 811 4662 684 825 4663 700 826 4664 701 825 4665 700 811 4666 684 810 4667 683 812 4668 685 826 4669 701 827 4670 702 826 4671 701 812 4672 685 811 4673 684 813 4674 686 827 4675 702 828 4676 703 827 4677 702 813 4678 686 812 4679 685 814 4680 687 828 4681 703 829 4682 704 828 4683 703 814 4684 687 813 4685 686 815 4686 688 829 4687 704 830 4688 705 829 4689 704 815 4690 688 814 4691 687 817 4692 689 816 4693 690 832 4694 706 831 4695 707 832 4696 706 816 4697 690 832 4698 706 833 4699 708 817 4700 689 833 4701 708 818 4702 691 817 4703 689 818 4704 691 833 4705 708 834 4706 709 834 4707 709 819 4708 692 818 4709 691 834 4710 709 835 4711 710 819 4712 692 835 4713 710 820 4714 693 819 4715 692 835 4716 710 836 4717 713 820 4718 693 836 4719 713 821 4720 694 820 4721 693 836 4722 713 837 4723 714 821 4724 694 837 4725 714 822 4726 695 821 4727 694 837 4728 714 838 4729 715 822 4730 695 838 4731 715 823 4732 698 822 4733 695 824 4734 699 838 4735 715 839 4736 716 838 4737 715 824 4738 699 823 4739 698 825 4740 700 839 4741 716 840 4742 717 839 4743 716 825 4744 700 824 4745 699 826 4746 701 840 4747 717 841 4748 718 840 4749 717 826 4750 701 825 4751 700 827 4752 702 841 4753 718 842 4754 719 841 4755 718 827 4756 702 826 4757 701 828 4758 703 842 4759 719 843 4760 720 842 4761 719 828 4762 703 827 4763 702 829 4764 704 843 4765 720 844 4766 721 843 4767 720 829 4768 704 828 4769 703 830 4770 705 844 4771 721 845 4772 722 844 4773 721 830 4774 705 829 4775 704 832 4776 706 831 4777 707 847 4778 723 846 4779 724 847 4780 723 831 4781 707 847 4782 723 848 4783 725 832 4784 706 848 4785 725 833 4786 708 832 4787 706 833 4788 708 848 4789 725 849 4790 728 849 4791 728 834 4792 709 833 4793 708 849 4794 728 850 4795 729 834 4796 709 850 4797 729 835 4798 710 834 4799 709 850 4800 729 851 4801 730 835 4802 710 851 4803 730 836 4804 713 835 4805 710 851 4806 730 852 4807 731 836 4808 713 852 4809 731 837 4810 714 836 4811 713 852 4812 731 853 4813 732 837 4814 714 853 4815 732 838 4816 715 837 4817 714 839 4818 716 838 4819 715 854 4820 733 853 4821 732 854 4822 733 838 4823 715 840 4824 717 854 4825 733 855 4826 734 854 4827 733 840 4828 717 839 4829 716 841 4830 718 855 4831 734 856 4832 735 855 4833 734 841 4834 718 840 4835 717 842 4836 719 856 4837 735 857 4838 736 856 4839 735 842 4840 719 841 4841 718 843 4842 720 857 4843 736 858 4844 737 857 4845 736 843 4846 720 842 4847 719 844 4848 721 858 4849 737 859 4850 738 858 4851 737 844 4852 721 843 4853 720 845 4854 722 859 4855 738 860 4856 739 859 4857 738 845 4858 722 844 4859 721 847 4860 723 846 4861 724 862 4862 740 861 4863 743 862 4864 740 846 4865 724 862 4866 740 863 4867 744 847 4868 723 863 4869 744 848 4870 725 847 4871 723 848 4872 725 863 4873 744 864 4874 745 864 4875 745 849 4876 728 848 4877 725 850 4878 729 849 4879 728 865 4880 746 864 4881 745 865 4882 746 849 4883 728 865 4884 746 866 4885 747 850 4886 729 866 4887 747 851 4888 730 850 4889 729 866 4890 747 867 4891 748 851 4892 730 867 4893 748 852 4894 731 851 4895 730 853 4896 732 852 4897 731 868 4898 749 867 4899 748 868 4900 749 852 4901 731 854 4902 733 853 4903 732 869 4904 750 868 4905 749 869 4906 750 853 4907 732 869 4908 750 855 4909 734 854 4910 733 855 4911 734 869 4912 750 870 4913 751 856 4914 735 870 4915 751 871 4916 752 870 4917 751 856 4918 735 855 4919 734 857 4920 736 871 4921 752 872 4922 753 871 4923 752 857 4924 736 856 4925 735 858 4926 737 872 4927 753 873 4928 754 872 4929 753 858 4930 737 857 4931 736 859 4932 738 873 4933 754 874 4934 755 873 4935 754 859 4936 738 858 4937 737 860 4938 739 874 4939 755 875 4940 758 874 4941 755 860 4942 739 859 4943 738 862 4944 740 861 4945 743 877 4946 759 876 4947 760 877 4948 759 861 4949 743 877 4950 759 878 4951 761 862 4952 740 878 4953 761 863 4954 744 862 4955 740 878 4956 761 864 4957 745 863 4958 744 864 4959 745 878 4960 761 879 4961 762 865 4962 746 864 4963 745 880 4964 763 879 4965 762 880 4966 763 864 4967 745 880 4968 763 881 4969 764 865 4970 746 881 4971 764 866 4972 747 865 4973 746 881 4974 764 882 4975 765 866 4976 747 882 4977 765 867 4978 748 866 4979 747 868 4980 749 867 4981 748 883 4982 766 882 4983 765 883 4984 766 867 4985 748 869 4986 750 868 4987 749 884 4988 767 883 4989 766 884 4990 767 868 4991 749 884 4992 767 870 4993 751 869 4994 750 870 4995 751 884 4996 767 885 4997 768 885 4998 768 871 4999 752 870 5000 751 871 5001 752 885 5002 768 886 5003 769 872 5004 753 886 5005 769 887 5006 770 886 5007 769 872 5008 753 871 5009 752 873 5010 754 887 5011 770 888 5012 773 887 5013 770 873 5014 754 872 5015 753 874 5016 755 888 5017 773 889 5018 774 888 5019 773 874 5020 755 873 5021 754 875 5022 758 889 5023 774 890 5024 775 889 5025 774 875 5026 758 874 5027 755 877 5028 759 891 5029 777 892 5030 776 891 5031 777 877 5032 759 876 5033 760 892 5034 776 893 5035 778 877 5036 759 893 5037 778 878 5038 761 877 5039 759 879 5040 762 893 5041 778 894 5042 779 893 5043 778 879 5044 762 878 5045 761 880 5046 763 894 5047 779 895 5048 780 894 5049 779 880 5050 763 879 5051 762 881 5052 764 880 5053 763 896 5054 781 895 5055 780 896 5056 781 880 5057 763 882 5058 765 881 5059 764 897 5060 782 896 5061 781 897 5062 782 881 5063 764 883 5064 766 897 5065 782 898 5066 783 897 5067 782 883 5068 766 882 5069 765 884 5070 767 898 5071 783 899 5072 784 898 5073 783 884 5074 767 883 5075 766 899 5076 784 885 5077 768 884 5078 767 885 5079 768 899 5080 784 900 5081 785 900 5082 785 901 5083 788 885 5084 768 901 5085 788 886 5086 769 885 5087 768 887 5088 770 901 5089 788 902 5090 789 901 5091 788 887 5092 770 886 5093 769 888 5094 773 902 5095 789 903 5096 790 902 5097 789 888 5098 773 887 5099 770 903 5100 790 889 5101 774 888 5102 773 889 5103 774 903 5104 790 904 5105 791 904 5106 791 890 5107 775 889 5108 774 890 5109 775 904 5110 791 905 5111 792 906 5112 794 892 5113 776 891 5114 777 892 5115 776 906 5116 794 907 5117 793 907 5118 793 893 5119 778 892 5120 776 893 5121 778 907 5122 793 908 5123 795 894 5124 779 908 5125 795 909 5126 796 908 5127 795 894 5128 779 893 5129 778 895 5130 780 909 5131 796 910 5132 797 909 5133 796 895 5134 780 894 5135 779 896 5136 781 910 5137 797 911 5138 798 910 5139 797 896 5140 781 895 5141 780 897 5142 782 911 5143 798 912 5144 799 911 5145 798 897 5146 782 896 5147 781 898 5148 783 912 5149 799 913 5150 800 912 5151 799 898 5152 783 897 5153 782 899 5154 784 913 5155 800 914 5156 803 913 5157 800 899 5158 784 898 5159 783 914 5160 803 915 5161 804 899 5162 784 915 5163 804 900 5164 785 899 5165 784 915 5166 804 916 5167 805 900 5168 785 916 5169 805 901 5170 788 900 5171 785 902 5172 789 916 5173 805 917 5174 806 916 5175 805 902 5176 789 901 5177 788 903 5178 790 917 5179 806 918 5180 807 917 5181 806 903 5182 790 902 5183 789 918 5184 807 904 5185 791 903 5186 790 904 5187 791 918 5188 807 919 5189 808 919 5190 808 905 5191 792 904 5192 791 905 5193 792 919 5194 808 920 5195 809 921 5196 811 907 5197 793 906 5198 794 907 5199 793 921 5200 811 922 5201 810 922 5202 810 923 5203 812 907 5204 793 923 5205 812 908 5206 795 907 5207 793 923 5208 812 924 5209 813 908 5210 795 924 5211 813 909 5212 796 908 5213 795 910 5214 797 924 5215 813 925 5216 814 924 5217 813 910 5218 797 909 5219 796 911 5220 798 925 5221 814 926 5222 815 925 5223 814 911 5224 798 910 5225 797 912 5226 799 926 5227 815 927 5228 818 926 5229 815 912 5230 799 911 5231 798 913 5232 800 927 5233 818 928 5234 819 927 5235 818 913 5236 800 912 5237 799 914 5238 803 928 5239 819 929 5240 820 928 5241 819 914 5242 803 913 5243 800 929 5244 820 930 5245 821 914 5246 803 930 5247 821 915 5248 804 914 5249 803 930 5250 821 931 5251 822 915 5252 804 931 5253 822 916 5254 805 915 5255 804 917 5256 806 931 5257 822 932 5258 823 931 5259 822 917 5260 806 916 5261 805 918 5262 807 932 5263 823 933 5264 824 932 5265 823 918 5266 807 917 5267 806 933 5268 824 919 5269 808 918 5270 807 919 5271 808 933 5272 824 934 5273 825 934 5274 825 920 5275 809 919 5276 808 920 5277 809 934 5278 825 935 5279 826 936 5280 828 937 5281 827 921 5282 811 937 5283 827 922 5284 810 921 5285 811 937 5286 827 938 5287 829 922 5288 810 938 5289 829 923 5290 812 922 5291 810 938 5292 829 939 5293 830 923 5294 812 939 5295 830 924 5296 813 923 5297 812 925 5298 814 939 5299 830 940 5300 1072 939 5301 830 925 5302 814 924 5303 813 926 5304 815 940 5305 1072 941 5306 1073 940 5307 1072 926 5308 815 925 5309 814 927 5310 818 941 5311 1073 942 5312 1074 941 5313 1073 927 5314 818 926 5315 815 928 5316 819 942 5317 1074 943 5318 1075 942 5319 1074 928 5320 819 927 5321 818 929 5322 820 943 5323 1075 944 5324 1076 943 5325 1075 929 5326 820 928 5327 819 930 5328 821 929 5329 820 945 5330 1077 944 5331 1076 945 5332 1077 929 5333 820 931 5334 822 930 5335 821 946 5336 1078 945 5337 1077 946 5338 1078 930 5339 821 932 5340 823 946 5341 1078 947 5342 1079 946 5343 1078 932 5344 823 931 5345 822 933 5346 824 947 5347 1079 948 5348 1080 947 5349 1079 933 5350 824 932 5351 823 948 5352 1080 934 5353 825 933 5354 824 934 5355 825 948 5356 1080 949 5357 1081 949 5358 1081 935 5359 826 934 5360 825 935 5361 826 949 5362 1081 950 5363 1082 951 5364 1084 952 5365 1083 936 5366 828 952 5367 1083 937 5368 827 936 5369 828 952 5370 1083 953 5371 1085 937 5372 827 953 5373 1085 938 5374 829 937 5375 827 953 5376 1085 954 5377 1086 938 5378 829 954 5379 1086 939 5380 830 938 5381 829 940 5382 1072 939 5383 830 955 5384 1087 954 5385 1086 955 5386 1087 939 5387 830 941 5388 1073 940 5389 1072 956 5390 1088 955 5391 1087 956 5392 1088 940 5393 1072 942 5394 1074 941 5395 1073 957 5396 1089 956 5397 1088 957 5398 1089 941 5399 1073 943 5400 1075 942 5401 1074 958 5402 1090 957 5403 1089 958 5404 1090 942 5405 1074 944 5406 1076 943 5407 1075 959 5408 1091 958 5409 1090 959 5410 1091 943 5411 1075 945 5412 1077 944 5413 1076 960 5414 1092 959 5415 1091 960 5416 1092 944 5417 1076 946 5418 1078 960 5419 1092 961 5420 1093 960 5421 1092 946 5422 1078 945 5423 1077 947 5424 1079 961 5425 1093 962 5426 1094 961 5427 1093 947 5428 1079 946 5429 1078 948 5430 1080 962 5431 1094 963 5432 1095 962 5433 1094 948 5434 1080 947 5435 1079 963 5436 1095 949 5437 1081 948 5438 1080 949 5439 1081 963 5440 1095 964 5441 1096 950 5442 1082 964 5443 1096 965 5444 1097 964 5445 1096 950 5446 1082 949 5447 1081 966 5448 1099 967 5449 1098 951 5450 1084 967 5451 1098 952 5452 1083 951 5453 1084 967 5454 1098 968 5455 1100 952 5456 1083 968 5457 1100 953 5458 1085 952 5459 1083 968 5460 1100 969 5461 1101 953 5462 1085 969 5463 1101 954 5464 1086 953 5465 1085 955 5466 1087 954 5467 1086 970 5468 1102 969 5469 1101 970 5470 1102 954 5471 1086 956 5472 1088 955 5473 1087 971 5474 1103 970 5475 1102 971 5476 1103 955 5477 1087 957 5478 1089 956 5479 1088 972 5480 1104 971 5481 1103 972 5482 1104 956 5483 1088 958 5484 1090 957 5485 1089 973 5486 1105 972 5487 1104 973 5488 1105 957 5489 1089 959 5490 1091 958 5491 1090 974 5492 1106 973 5493 1105 974 5494 1106 958 5495 1090 960 5496 1092 959 5497 1091 975 5498 1107 974 5499 1106 975 5500 1107 959 5501 1091 961 5502 1093 975 5503 1107 976 5504 1108 975 5505 1107 961 5506 1093 960 5507 1092 962 5508 1094 976 5509 1108 977 5510 1109 976 5511 1108 962 5512 1094 961 5513 1093 963 5514 1095 977 5515 1109 978 5516 1110 977 5517 1109 963 5518 1095 962 5519 1094 964 5520 1096 978 5521 1110 979 5522 1111 978 5523 1110 964 5524 1096 963 5525 1095 965 5526 1097 979 5527 1111 980 5528 1112 979 5529 1111 965 5530 1097 964 5531 1096 981 5532 1114 982 5533 1113 966 5534 1099 982 5535 1113 967 5536 1098 966 5537 1099 982 5538 1113 983 5539 1115 967 5540 1098 983 5541 1115 968 5542 1100 967 5543 1098 983 5544 1115 984 5545 1116 968 5546 1100 984 5547 1116 969 5548 1101 968 5549 1100 984 5550 1116 985 5551 1117 969 5552 1101 985 5553 1117 970 5554 1102 969 5555 1101 971 5556 1103 970 5557 1102 986 5558 1118 986 5559 1118 970 5560 1102 985 5561 1117 972 5562 1104 971 5563 1103 987 5564 1119 987 5565 1119 971 5566 1103 986 5567 1118 973 5568 1105 972 5569 1104 988 5570 1120 987 5571 1119 988 5572 1120 972 5573 1104 974 5574 1106 973 5575 1105 989 5576 1121 988 5577 1120 989 5578 1121 973 5579 1105 975 5580 1107 974 5581 1106 990 5582 1122 989 5583 1121 990 5584 1122 974 5585 1106 976 5586 1108 990 5587 1122 991 5588 1123 990 5589 1122 976 5590 1108 975 5591 1107 977 5592 1109 991 5593 1123 992 5594 1124 991 5595 1123 977 5596 1109 976 5597 1108 978 5598 1110 992 5599 1124 993 5600 1125 992 5601 1124 978 5602 1110 977 5603 1109 979 5604 1111 993 5605 1125 994 5606 1126 993 5607 1125 979 5608 1111 978 5609 1110 980 5610 1112 994 5611 1126 995 5612 1127 994 5613 1126 980 5614 1112 979 5615 1111 771 5616 624 547 5617 622 546 5618 623 547 5619 622 771 5620 624 772 5621 625 771 5622 682 561 5623 652 786 5624 667 561 5625 652 771 5626 682 546 5627 637 772 5628 625 548 5629 626 547 5630 622 548 5631 626 772 5632 625 773 5633 627 549 5634 628 548 5635 626 773 5636 627 549 5637 628 773 5638 627 774 5639 629 549 5640 628 775 5641 631 550 5642 630 775 5643 631 549 5644 628 774 5645 629 550 5646 630 776 5647 633 551 5648 632 776 5649 633 550 5650 630 775 5651 631 552 5652 634 551 5653 632 776 5654 633 552 5655 634 776 5656 633 777 5657 635 552 5658 634 778 5659 1171 553 5660 636 778 5661 1171 552 5662 634 777 5663 635 553 5664 636 779 5665 1173 554 5666 1172 779 5667 1173 553 5668 636 778 5669 1171 780 5670 1175 554 5671 1172 779 5672 1173 554 5673 1172 780 5674 1175 555 5675 1174 555 5676 1174 781 5677 1177 556 5678 1176 781 5679 1177 555 5680 1174 780 5681 1175 781 5682 1177 557 5683 1178 556 5684 1176 557 5685 1178 781 5686 1177 782 5687 1179 557 5688 1178 783 5689 1181 558 5690 1180 783 5691 1181 557 5692 1178 782 5693 1179 784 5694 1183 558 5695 1180 783 5696 1181 558 5697 1180 784 5698 1183 559 5699 1182 559 5700 1182 785 5701 1185 560 5702 1184 785 5703 1185 559 5704 1182 784 5705 1183 785 5706 681 800 5707 696 575 5708 651 575 5709 651 560 5710 666 785 5711 681 786 5712 667 576 5713 697 801 5714 712 576 5715 697 786 5716 667 561 5717 652 815 5718 726 575 5719 651 800 5720 696 575 5721 651 815 5722 726 590 5723 711 801 5724 712 591 5725 1145 816 5726 1146 591 5727 1145 801 5728 712 576 5729 697 815 5730 726 830 5731 756 605 5732 741 605 5733 741 590 5734 711 815 5735 726 831 5736 1148 591 5737 1145 606 5738 1147 591 5739 1145 831 5740 1148 816 5741 1146 830 5742 756 845 5743 786 620 5744 771 620 5745 771 605 5746 741 830 5747 756 606 5748 1147 846 5749 1150 831 5750 1148 846 5751 1150 606 5752 1147 621 5753 1149 845 5754 786 860 5755 816 635 5756 801 635 5757 801 620 5758 771 845 5759 786 861 5760 1152 621 5761 1149 636 5762 1151 621 5763 1149 861 5764 1152 846 5765 1150 860 5766 816 875 5767 1128 650 5768 831 650 5769 831 635 5770 801 860 5771 816 876 5772 1154 636 5773 1151 651 5774 1153 636 5775 1151 876 5776 1154 861 5777 1152 875 5778 1128 890 5779 1130 665 5780 1129 665 5781 1129 650 5782 831 875 5783 1128 891 5784 757 651 5785 727 666 5786 742 651 5787 727 891 5788 757 876 5789 772 890 5790 1130 905 5791 1132 680 5792 1131 680 5793 1131 665 5794 1129 890 5795 1130 906 5796 802 666 5797 742 681 5798 787 666 5799 742 906 5800 802 891 5801 757 905 5802 1132 920 5803 1134 695 5804 1133 695 5805 1133 680 5806 1131 905 5807 1132 921 5808 832 681 5809 787 696 5810 817 681 5811 787 921 5812 832 906 5813 802 920 5814 1134 935 5815 1136 710 5816 1135 710 5817 1135 695 5818 1133 920 5819 1134 921 5820 832 711 5821 1186 936 5822 1187 711 5823 1186 921 5824 832 696 5825 817 935 5826 1136 950 5827 1138 725 5828 1137 725 5829 1137 710 5830 1135 935 5831 1136 951 5832 1189 936 5833 1187 711 5834 1186 951 5835 1189 711 5836 1186 726 5837 1188 965 5838 1140 725 5839 1137 950 5840 1138 725 5841 1137 965 5842 1140 740 5843 1139 966 5844 1191 951 5845 1189 726 5846 1188 966 5847 1191 726 5848 1188 741 5849 1190 965 5850 1140 980 5851 1142 755 5852 1141 755 5853 1141 740 5854 1139 965 5855 1140 757 5856 834 981 5857 836 756 5858 833 981 5859 836 757 5860 834 982 5861 835 981 5862 1193 741 5863 1190 756 5864 1192 741 5865 1190 981 5866 1193 966 5867 1191 982 5868 835 758 5869 837 983 5870 838 758 5871 837 982 5872 835 757 5873 834 983 5874 838 759 5875 839 984 5876 840 759 5877 839 983 5878 838 758 5879 837 984 5880 840 760 5881 841 985 5882 842 760 5883 841 984 5884 840 759 5885 839 985 5886 842 761 5887 843 986 5888 844 761 5889 843 985 5890 842 760 5891 841 987 5892 846 986 5893 844 761 5894 843 761 5895 843 762 5896 845 987 5897 846 988 5898 1156 987 5899 846 762 5900 845 988 5901 1156 762 5902 845 763 5903 1155 989 5904 1158 988 5905 1156 763 5906 1155 763 5907 1155 764 5908 1157 989 5909 1158 990 5910 1160 989 5911 1158 764 5912 1157 764 5913 1157 765 5914 1159 990 5915 1160 990 5916 1160 766 5917 1161 991 5918 1162 766 5919 1161 990 5920 1160 765 5921 1159 991 5922 1162 767 5923 1163 992 5924 1164 767 5925 1163 991 5926 1162 766 5927 1161 768 5928 1165 992 5929 1164 767 5930 1163 992 5931 1164 768 5932 1165 993 5933 1166 993 5934 1166 769 5935 1167 994 5936 1168 769 5937 1167 993 5938 1166 768 5939 1165 980 5940 1142 995 5941 1144 770 5942 1143 770 5943 1143 755 5944 1141 980 5945 1142 770 5946 1169 994 5947 1168 769 5948 1167 994 5949 1168 770 5950 1169 995 5951 1170</p></triangles>
      </mesh>
    </geometry>
  </library_geometries>
  <library_visual_scenes>
    <visual_scene id="TissueBox" name="TissueBox">
      <node name="TissueBox" id="TissueBox" sid="TissueBox"><matrix sid="matrix">1.000000 0.000000 0.000000 0.000000 0.000000 0.000000 1.000000 0.000000 0.000000 -1.000000 0.000000 0.000000 0.000000 0.000000 0.000000 1.000000</matrix><instance_geometry url="#TissueBox-lib"><bind_material><technique_common><instance_material symbol="TissueBox" target="#TissueBox"/></technique_common></bind_material></instance_geometry><extra><technique profile="FCOLLADA"><visibility>1.000000</visibility></technique></extra></node>
      <extra><technique profile="MAX3D"><frame_rate>30.000000</frame_rate></technique><technique profile="FCOLLADA"><start_time>0.000000</start_time><end_time>3.333333</end_time></technique></extra>
    </visual_scene>
  </library_visual_scenes>
  <scene>
    <instance_visual_scene url="#TissueBox"></instance_visual_scene>
  </scene>
</COLLADA>
